Transaction_ID,Date,Time,Location,Amount(â‚¹)
TXN00001,2024-03-01,06:05 PM,"Shivaji Nagar, Pune",3844
TXN00002,2024-03-01,05:32 PM,"Shivaji Nagar, Pune",2253
TXN00003,2024-03-01,09:44 PM,"Shivaji Nagar, Pune",4428
TXN00004,2024-03-01,12:59 PM,"Shivaji Nagar, Pune",2418
TXN00005,2024-03-01,09:31 AM,"Shivaji Nagar, Pune",1505
TXN00006,2024-03-01,08:33 AM,"Shivaji Nagar, Pune",2242
TXN00007,2024-03-01,08:41 PM,"Shivaji Nagar, Pune",1098
TXN00008,2024-03-01,04:17 AM,"Shivaji Nagar, Pune",4940
TXN00009,2024-03-01,01:24 AM,"Shivaji Nagar, Pune",1264
TXN00010,2024-03-01,06:04 PM,"Shivaji Nagar, Pune",3914
TXN00011,2024-03-01,10:35 PM,"Shivaji Nagar, Pune",1948
TXN00012,2024-03-01,04:23 PM,"Shivaji Nagar, Pune",4069
TXN00013,2024-03-01,07:26 PM,"Shivaji Nagar, Pune",3189
TXN00014,2024-03-01,12:08 AM,"Shivaji Nagar, Pune",4240
TXN00015,2024-03-01,06:47 AM,"Shivaji Nagar, Pune",2552
TXN00016,2024-03-01,08:53 AM,"Shivaji Nagar, Pune",1805
TXN00017,2024-03-01,09:53 PM,"Shivaji Nagar, Pune",4391
TXN00018,2024-03-01,03:36 PM,"Shivaji Nagar, Pune",5106
TXN00019,2024-03-01,09:12 PM,"Shivaji Nagar, Pune",3208
TXN00020,2024-03-01,12:38 PM,"Shivaji Nagar, Pune",5040
TXN00021,2024-03-01,08:47 PM,"Shivaji Nagar, Pune",1809
TXN00022,2024-03-01,07:06 AM,"Shivaji Nagar, Pune",4206
TXN00023,2024-03-01,08:22 PM,"Shivaji Nagar, Pune",3312
TXN00024,2024-03-01,11:43 AM,"Shivaji Nagar, Pune",3211
TXN00025,2024-03-01,07:09 AM,"Shivaji Nagar, Pune",4936
TXN00026,2024-03-01,09:15 AM,"Shivaji Nagar, Pune",2623
TXN00027,2024-03-01,10:39 AM,"Shivaji Nagar, Pune",5460
TXN00028,2024-03-01,09:18 PM,"Shivaji Nagar, Pune",2223
TXN00029,2024-03-01,07:27 AM,"Shivaji Nagar, Pune",1411
TXN00030,2024-03-01,10:01 PM,"Shivaji Nagar, Pune",1120
TXN00031,2024-03-02,12:17 AM,"Hadapsar, Pune",1580
TXN00032,2024-03-02,09:01 AM,"Hadapsar, Pune",837
TXN00033,2024-03-02,04:39 PM,"Hadapsar, Pune",1803
TXN00034,2024-03-02,08:54 AM,"Hadapsar, Pune",2650
TXN00035,2024-03-02,09:25 AM,"Hadapsar, Pune",3362
TXN00036,2024-03-02,10:17 PM,"Hadapsar, Pune",4490
TXN00037,2024-03-02,07:23 AM,"Hadapsar, Pune",3529
TXN00038,2024-03-02,12:46 AM,"Hadapsar, Pune",4517
TXN00039,2024-03-02,03:58 PM,"Hadapsar, Pune",1107
TXN00040,2024-03-02,12:18 AM,"Hadapsar, Pune",2257
TXN00041,2024-03-02,11:29 PM,"Hadapsar, Pune",4148
TXN00042,2024-03-02,05:08 AM,"Hadapsar, Pune",4265
TXN00043,2024-03-02,01:09 AM,"Hadapsar, Pune",1891
TXN00044,2024-03-02,10:22 PM,"Hadapsar, Pune",3376
TXN00045,2024-03-02,09:15 AM,"Hadapsar, Pune",2783
TXN00046,2024-03-02,11:04 PM,"Hadapsar, Pune",5019
TXN00047,2024-03-02,01:16 AM,"Hadapsar, Pune",3671
TXN00048,2024-03-02,07:15 PM,"Hadapsar, Pune",4395
TXN00049,2024-03-02,05:02 AM,"Hadapsar, Pune",2505
TXN00050,2024-03-02,02:54 AM,"Hadapsar, Pune",4133
TXN00051,2024-03-02,11:56 AM,"Hadapsar, Pune",1718
TXN00052,2024-03-02,02:04 PM,"Hadapsar, Pune",4048
TXN00053,2024-03-02,10:23 PM,"Hadapsar, Pune",2031
TXN00054,2024-03-02,03:10 PM,"Hadapsar, Pune",1295
TXN00055,2024-03-02,11:18 PM,"Hadapsar, Pune",2265
TXN00056,2024-03-02,07:15 PM,"Hadapsar, Pune",1831
TXN00057,2024-03-02,02:22 AM,"Hadapsar, Pune",2641
TXN00058,2024-03-02,10:56 PM,"Hadapsar, Pune",2088
TXN00059,2024-03-02,04:23 PM,"Hadapsar, Pune",4016
TXN00060,2024-03-02,05:54 AM,"Hadapsar, Pune",5017
TXN00061,2024-03-03,04:12 PM,"Wakad, Pune",4828
TXN00062,2024-03-03,01:37 AM,"Wakad, Pune",1562
TXN00063,2024-03-03,04:29 AM,"Wakad, Pune",3836
TXN00064,2024-03-03,04:09 AM,"Wakad, Pune",3902
TXN00065,2024-03-03,10:51 AM,"Wakad, Pune",3762
TXN00066,2024-03-03,10:16 AM,"Wakad, Pune",4351
TXN00067,2024-03-03,01:02 AM,"Wakad, Pune",5282
TXN00068,2024-03-03,12:19 PM,"Wakad, Pune",1495
TXN00069,2024-03-03,11:59 PM,"Wakad, Pune",4037
TXN00070,2024-03-03,06:00 PM,"Wakad, Pune",2829
TXN00071,2024-03-03,06:11 AM,"Wakad, Pune",2166
TXN00072,2024-03-03,08:00 AM,"Wakad, Pune",5380
TXN00073,2024-03-03,02:57 AM,"Wakad, Pune",5207
TXN00074,2024-03-03,09:01 PM,"Wakad, Pune",3820
TXN00075,2024-03-03,04:17 PM,"Wakad, Pune",3885
TXN00076,2024-03-03,03:50 PM,"Wakad, Pune",4637
TXN00077,2024-03-03,09:47 AM,"Wakad, Pune",3666
TXN00078,2024-03-03,02:34 AM,"Wakad, Pune",3251
TXN00079,2024-03-03,12:35 PM,"Wakad, Pune",5254
TXN00080,2024-03-03,03:12 AM,"Wakad, Pune",2131
TXN00081,2024-03-03,07:47 PM,"Wakad, Pune",1596
TXN00082,2024-03-03,08:56 PM,"Wakad, Pune",4460
TXN00083,2024-03-03,11:49 PM,"Wakad, Pune",1409
TXN00084,2024-03-03,11:14 PM,"Wakad, Pune",1091
TXN00085,2024-03-03,07:12 AM,"Wakad, Pune",1647
TXN00086,2024-03-03,12:40 AM,"Wakad, Pune",4664
TXN00087,2024-03-03,06:07 AM,"Wakad, Pune",3405
TXN00088,2024-03-03,04:04 AM,"Wakad, Pune",2049
TXN00089,2024-03-03,09:34 AM,"Wakad, Pune",5044
TXN00090,2024-03-03,03:02 PM,"Wakad, Pune",3602
TXN00091,2024-03-04,11:14 AM,"Chinchwad, Pune",2088
TXN00092,2024-03-04,08:04 AM,"Chinchwad, Pune",859
TXN00093,2024-03-04,12:49 PM,"Chinchwad, Pune",3346
TXN00094,2024-03-04,11:43 PM,"Chinchwad, Pune",5182
TXN00095,2024-03-04,11:39 AM,"Chinchwad, Pune",4068
TXN00096,2024-03-04,05:04 PM,"Chinchwad, Pune",2983
TXN00097,2024-03-04,11:10 PM,"Chinchwad, Pune",835
TXN00098,2024-03-04,02:29 AM,"Chinchwad, Pune",3266
TXN00099,2024-03-04,10:25 PM,"Chinchwad, Pune",1456
TXN00100,2024-03-04,12:05 PM,"Chinchwad, Pune",3505
TXN00101,2024-03-04,07:35 PM,"Chinchwad, Pune",5314
TXN00102,2024-03-04,07:42 PM,"Chinchwad, Pune",1857
TXN00103,2024-03-04,09:57 AM,"Chinchwad, Pune",3875
TXN00104,2024-03-04,05:20 AM,"Chinchwad, Pune",4674
TXN00105,2024-03-04,03:25 AM,"Chinchwad, Pune",5353
TXN00106,2024-03-04,09:10 AM,"Chinchwad, Pune",4556
TXN00107,2024-03-04,12:20 PM,"Chinchwad, Pune",4965
TXN00108,2024-03-04,07:27 PM,"Chinchwad, Pune",3210
TXN00109,2024-03-04,06:52 PM,"Chinchwad, Pune",1345
TXN00110,2024-03-04,10:07 PM,"Chinchwad, Pune",815
TXN00111,2024-03-04,11:16 PM,"Chinchwad, Pune",5198
TXN00112,2024-03-04,02:25 AM,"Chinchwad, Pune",5403
TXN00113,2024-03-04,12:40 PM,"Chinchwad, Pune",1738
TXN00114,2024-03-04,12:07 AM,"Chinchwad, Pune",3489
TXN00115,2024-03-04,11:25 AM,"Chinchwad, Pune",3092
TXN00116,2024-03-04,09:50 PM,"Chinchwad, Pune",3120
TXN00117,2024-03-04,05:01 PM,"Chinchwad, Pune",3405
TXN00118,2024-03-04,12:24 AM,"Chinchwad, Pune",3958
TXN00119,2024-03-04,10:14 PM,"Chinchwad, Pune",4697
TXN00120,2024-03-04,09:16 PM,"Chinchwad, Pune",5298
TXN00121,2024-03-05,02:13 AM,"Hinjewadi, Pune",4077
TXN00122,2024-03-05,04:36 PM,"Hinjewadi, Pune",4851
TXN00123,2024-03-05,11:53 PM,"Hinjewadi, Pune",990
TXN00124,2024-03-05,05:47 AM,"Hinjewadi, Pune",3054
TXN00125,2024-03-05,05:06 AM,"Hinjewadi, Pune",4338
TXN00126,2024-03-05,10:37 AM,"Hinjewadi, Pune",2892
TXN00127,2024-03-05,09:55 PM,"Hinjewadi, Pune",4079
TXN00128,2024-03-05,05:00 AM,"Hinjewadi, Pune",3683
TXN00129,2024-03-05,01:08 PM,"Hinjewadi, Pune",803
TXN00130,2024-03-05,09:41 PM,"Hinjewadi, Pune",1330
TXN00131,2024-03-05,10:13 PM,"Hinjewadi, Pune",3824
TXN00132,2024-03-05,05:19 AM,"Hinjewadi, Pune",3035
TXN00133,2024-03-05,12:41 PM,"Hinjewadi, Pune",3251
TXN00134,2024-03-05,01:54 AM,"Hinjewadi, Pune",3363
TXN00135,2024-03-05,02:47 AM,"Hinjewadi, Pune",5187
TXN00136,2024-03-05,12:19 AM,"Hinjewadi, Pune",4132
TXN00137,2024-03-05,06:21 PM,"Hinjewadi, Pune",5245
TXN00138,2024-03-05,09:12 AM,"Hinjewadi, Pune",4868
TXN00139,2024-03-05,06:55 PM,"Hinjewadi, Pune",4937
TXN00140,2024-03-05,06:43 PM,"Hinjewadi, Pune",4094
TXN00141,2024-03-05,04:40 PM,"Hinjewadi, Pune",1596
TXN00142,2024-03-05,08:38 PM,"Hinjewadi, Pune",3894
TXN00143,2024-03-05,10:32 PM,"Hinjewadi, Pune",4881
TXN00144,2024-03-05,09:46 PM,"Hinjewadi, Pune",3085
TXN00145,2024-03-05,07:46 PM,"Hinjewadi, Pune",2272
TXN00146,2024-03-05,08:26 PM,"Hinjewadi, Pune",5307
TXN00147,2024-03-05,04:45 AM,"Hinjewadi, Pune",4714
TXN00148,2024-03-05,10:43 PM,"Hinjewadi, Pune",3038
TXN00149,2024-03-05,07:38 PM,"Hinjewadi, Pune",869
TXN00150,2024-03-05,11:51 PM,"Hinjewadi, Pune",2847
TXN00151,2024-03-06,08:35 AM,"Hadapsar, Pune",3153
TXN00152,2024-03-06,05:01 PM,"Hadapsar, Pune",5050
TXN00153,2024-03-06,09:25 PM,"Hadapsar, Pune",2459
TXN00154,2024-03-06,07:40 AM,"Hadapsar, Pune",4446
TXN00155,2024-03-06,10:14 AM,"Hadapsar, Pune",3546
TXN00156,2024-03-06,03:17 PM,"Hadapsar, Pune",1196
TXN00157,2024-03-06,09:43 AM,"Hadapsar, Pune",4795
TXN00158,2024-03-06,04:10 AM,"Hadapsar, Pune",1573
TXN00159,2024-03-06,11:34 AM,"Hadapsar, Pune",3740
TXN00160,2024-03-06,12:54 PM,"Hadapsar, Pune",4343
TXN00161,2024-03-06,09:55 PM,"Hadapsar, Pune",3561
TXN00162,2024-03-06,12:21 AM,"Hadapsar, Pune",5275
TXN00163,2024-03-06,09:49 AM,"Hadapsar, Pune",1203
TXN00164,2024-03-06,11:49 PM,"Hadapsar, Pune",3002
TXN00165,2024-03-06,11:05 AM,"Hadapsar, Pune",2939
TXN00166,2024-03-06,12:49 PM,"Hadapsar, Pune",3865
TXN00167,2024-03-06,05:37 PM,"Hadapsar, Pune",3186
TXN00168,2024-03-06,11:19 AM,"Hadapsar, Pune",1295
TXN00169,2024-03-06,01:52 AM,"Hadapsar, Pune",2915
TXN00170,2024-03-06,08:46 AM,"Hadapsar, Pune",1780
TXN00171,2024-03-06,02:44 AM,"Hadapsar, Pune",3632
TXN00172,2024-03-06,03:06 PM,"Hadapsar, Pune",2535
TXN00173,2024-03-06,10:01 AM,"Hadapsar, Pune",2159
TXN00174,2024-03-06,12:33 PM,"Hadapsar, Pune",2170
TXN00175,2024-03-06,05:27 PM,"Hadapsar, Pune",2370
TXN00176,2024-03-06,03:05 AM,"Hadapsar, Pune",2111
TXN00177,2024-03-06,01:46 PM,"Hadapsar, Pune",2378
TXN00178,2024-03-06,05:12 PM,"Hadapsar, Pune",3145
TXN00179,2024-03-06,02:14 AM,"Hadapsar, Pune",2260
TXN00180,2024-03-06,12:41 PM,"Hadapsar, Pune",5111
TXN00181,2024-03-07,09:13 AM,"Kothrud, Pune",4140
TXN00182,2024-03-07,07:44 PM,"Kothrud, Pune",4497
TXN00183,2024-03-07,12:52 AM,"Kothrud, Pune",5257
TXN00184,2024-03-07,10:00 PM,"Kothrud, Pune",1283
TXN00185,2024-03-07,08:39 AM,"Kothrud, Pune",5136
TXN00186,2024-03-07,01:18 PM,"Kothrud, Pune",5073
TXN00187,2024-03-07,06:55 PM,"Kothrud, Pune",1296
TXN00188,2024-03-07,06:47 AM,"Kothrud, Pune",4753
TXN00189,2024-03-07,07:28 PM,"Kothrud, Pune",3909
TXN00190,2024-03-07,04:08 AM,"Kothrud, Pune",4702
TXN00191,2024-03-07,09:35 AM,"Kothrud, Pune",1530
TXN00192,2024-03-07,04:38 PM,"Kothrud, Pune",2257
TXN00193,2024-03-07,03:15 AM,"Kothrud, Pune",4716
TXN00194,2024-03-07,06:20 AM,"Kothrud, Pune",1911
TXN00195,2024-03-07,11:30 PM,"Kothrud, Pune",2108
TXN00196,2024-03-07,01:27 PM,"Kothrud, Pune",1317
TXN00197,2024-03-07,11:53 PM,"Kothrud, Pune",3878
TXN00198,2024-03-07,10:15 PM,"Kothrud, Pune",1372
TXN00199,2024-03-07,03:33 AM,"Kothrud, Pune",5406
TXN00200,2024-03-07,10:20 AM,"Kothrud, Pune",5343
TXN00201,2024-03-07,06:56 AM,"Kothrud, Pune",2391
TXN00202,2024-03-07,06:09 AM,"Kothrud, Pune",2244
TXN00203,2024-03-07,02:51 PM,"Kothrud, Pune",5197
TXN00204,2024-03-07,05:36 AM,"Kothrud, Pune",1347
TXN00205,2024-03-07,02:38 PM,"Kothrud, Pune",2634
TXN00206,2024-03-07,02:53 AM,"Kothrud, Pune",1097
TXN00207,2024-03-07,06:44 PM,"Kothrud, Pune",4697
TXN00208,2024-03-07,09:44 PM,"Kothrud, Pune",942
TXN00209,2024-03-07,12:51 PM,"Kothrud, Pune",1624
TXN00210,2024-03-07,06:51 PM,"Kothrud, Pune",1572
TXN00211,2024-03-08,08:28 PM,"Kharadi, Pune",964
TXN00212,2024-03-08,10:34 PM,"Kharadi, Pune",3358
TXN00213,2024-03-08,02:41 AM,"Kharadi, Pune",1980
TXN00214,2024-03-08,02:44 PM,"Kharadi, Pune",4860
TXN00215,2024-03-08,02:50 PM,"Kharadi, Pune",2941
TXN00216,2024-03-08,07:20 PM,"Kharadi, Pune",2397
TXN00217,2024-03-08,01:02 PM,"Kharadi, Pune",3554
TXN00218,2024-03-08,08:11 AM,"Kharadi, Pune",4047
TXN00219,2024-03-08,11:57 AM,"Kharadi, Pune",3598
TXN00220,2024-03-08,05:42 AM,"Kharadi, Pune",2619
TXN00221,2024-03-08,10:12 AM,"Kharadi, Pune",5459
TXN00222,2024-03-08,02:25 AM,"Kharadi, Pune",2607
TXN00223,2024-03-08,08:03 PM,"Kharadi, Pune",2779
TXN00224,2024-03-08,08:41 PM,"Kharadi, Pune",3272
TXN00225,2024-03-08,02:52 PM,"Kharadi, Pune",3847
TXN00226,2024-03-08,10:52 AM,"Kharadi, Pune",5273
TXN00227,2024-03-08,04:58 AM,"Kharadi, Pune",4813
TXN00228,2024-03-08,05:16 PM,"Kharadi, Pune",1784
TXN00229,2024-03-08,04:02 PM,"Kharadi, Pune",2409
TXN00230,2024-03-08,11:32 PM,"Kharadi, Pune",4274
TXN00231,2024-03-08,10:51 PM,"Kharadi, Pune",4536
TXN00232,2024-03-08,10:09 AM,"Kharadi, Pune",4117
TXN00233,2024-03-08,08:07 PM,"Kharadi, Pune",1200
TXN00234,2024-03-08,10:51 AM,"Kharadi, Pune",2302
TXN00235,2024-03-08,01:28 PM,"Kharadi, Pune",930
TXN00236,2024-03-08,01:43 AM,"Kharadi, Pune",2617
TXN00237,2024-03-08,09:33 AM,"Kharadi, Pune",3587
TXN00238,2024-03-08,09:47 AM,"Kharadi, Pune",5335
TXN00239,2024-03-08,08:38 AM,"Kharadi, Pune",2580
TXN00240,2024-03-08,11:06 PM,"Kharadi, Pune",3512
TXN00241,2024-03-09,04:07 AM,"Dandekar Bridge, Pune",5247
TXN00242,2024-03-09,08:36 PM,"Dandekar Bridge, Pune",4039
TXN00243,2024-03-09,09:17 AM,"Dandekar Bridge, Pune",1604
TXN00244,2024-03-09,06:46 PM,"Dandekar Bridge, Pune",1523
TXN00245,2024-03-09,02:36 PM,"Dandekar Bridge, Pune",938
TXN00246,2024-03-09,04:37 AM,"Dandekar Bridge, Pune",1485
TXN00247,2024-03-09,03:12 AM,"Dandekar Bridge, Pune",1020
TXN00248,2024-03-09,04:58 AM,"Dandekar Bridge, Pune",2326
TXN00249,2024-03-09,04:06 AM,"Dandekar Bridge, Pune",4637
TXN00250,2024-03-09,04:19 AM,"Dandekar Bridge, Pune",1937
TXN00251,2024-03-09,10:26 AM,"Dandekar Bridge, Pune",3496
TXN00252,2024-03-09,02:18 PM,"Dandekar Bridge, Pune",2845
TXN00253,2024-03-09,08:48 PM,"Dandekar Bridge, Pune",1766
TXN00254,2024-03-09,05:52 AM,"Dandekar Bridge, Pune",1375
TXN00255,2024-03-09,06:31 PM,"Dandekar Bridge, Pune",1873
TXN00256,2024-03-09,02:15 AM,"Dandekar Bridge, Pune",3991
TXN00257,2024-03-09,07:03 AM,"Dandekar Bridge, Pune",2277
TXN00258,2024-03-09,05:34 PM,"Dandekar Bridge, Pune",2582
TXN00259,2024-03-09,03:49 AM,"Dandekar Bridge, Pune",4990
TXN00260,2024-03-09,02:47 AM,"Dandekar Bridge, Pune",1522
TXN00261,2024-03-09,04:28 PM,"Dandekar Bridge, Pune",2481
TXN00262,2024-03-09,01:55 AM,"Dandekar Bridge, Pune",4202
TXN00263,2024-03-09,10:33 AM,"Dandekar Bridge, Pune",4339
TXN00264,2024-03-09,11:07 AM,"Dandekar Bridge, Pune",4972
TXN00265,2024-03-09,12:38 PM,"Dandekar Bridge, Pune",1156
TXN00266,2024-03-09,10:28 AM,"Dandekar Bridge, Pune",1661
TXN00267,2024-03-09,06:57 AM,"Dandekar Bridge, Pune",3731
TXN00268,2024-03-09,11:27 PM,"Dandekar Bridge, Pune",4543
TXN00269,2024-03-09,02:56 PM,"Dandekar Bridge, Pune",2337
TXN00270,2024-03-09,12:07 AM,"Dandekar Bridge, Pune",5037
TXN00271,2024-03-10,03:03 PM,"Hinjewadi, Pune",5401
TXN00272,2024-03-10,09:31 PM,"Hinjewadi, Pune",2398
TXN00273,2024-03-10,03:26 AM,"Hinjewadi, Pune",2981
TXN00274,2024-03-10,06:06 PM,"Hinjewadi, Pune",1021
TXN00275,2024-03-10,04:56 AM,"Hinjewadi, Pune",3151
TXN00276,2024-03-10,01:22 PM,"Hinjewadi, Pune",1219
TXN00277,2024-03-10,02:57 PM,"Hinjewadi, Pune",1390
TXN00278,2024-03-10,10:36 PM,"Hinjewadi, Pune",2896
TXN00279,2024-03-10,03:30 AM,"Hinjewadi, Pune",4612
TXN00280,2024-03-10,10:01 PM,"Hinjewadi, Pune",5500
TXN00281,2024-03-10,11:22 AM,"Hinjewadi, Pune",801
TXN00282,2024-03-10,12:25 PM,"Hinjewadi, Pune",2704
TXN00283,2024-03-10,05:43 AM,"Hinjewadi, Pune",4846
TXN00284,2024-03-10,07:57 PM,"Hinjewadi, Pune",4289
TXN00285,2024-03-10,12:44 PM,"Hinjewadi, Pune",3556
TXN00286,2024-03-10,09:48 AM,"Hinjewadi, Pune",4924
TXN00287,2024-03-10,04:20 AM,"Hinjewadi, Pune",4961
TXN00288,2024-03-10,07:15 AM,"Hinjewadi, Pune",3293
TXN00289,2024-03-10,01:05 PM,"Hinjewadi, Pune",3789
TXN00290,2024-03-10,11:18 PM,"Hinjewadi, Pune",1925
TXN00291,2024-03-10,07:43 AM,"Hinjewadi, Pune",3369
TXN00292,2024-03-10,09:02 PM,"Hinjewadi, Pune",3971
TXN00293,2024-03-10,12:32 PM,"Hinjewadi, Pune",5373
TXN00294,2024-03-10,02:55 PM,"Hinjewadi, Pune",4905
TXN00295,2024-03-10,01:59 AM,"Hinjewadi, Pune",3516
TXN00296,2024-03-10,06:14 PM,"Hinjewadi, Pune",3818
TXN00297,2024-03-10,12:41 PM,"Hinjewadi, Pune",3191
TXN00298,2024-03-10,06:56 PM,"Hinjewadi, Pune",1764
TXN00299,2024-03-10,11:45 AM,"Hinjewadi, Pune",5426
TXN00300,2024-03-10,07:39 PM,"Hinjewadi, Pune",3141
TXN00301,2024-03-11,01:37 PM,"Wakad, Pune",4345
TXN00302,2024-03-11,08:34 AM,"Wakad, Pune",4449
TXN00303,2024-03-11,12:12 AM,"Wakad, Pune",4619
TXN00304,2024-03-11,03:59 AM,"Wakad, Pune",2502
TXN00305,2024-03-11,10:30 PM,"Wakad, Pune",3013
TXN00306,2024-03-11,01:39 PM,"Wakad, Pune",2379
TXN00307,2024-03-11,04:44 AM,"Wakad, Pune",3355
TXN00308,2024-03-11,01:52 AM,"Wakad, Pune",2252
TXN00309,2024-03-11,10:00 PM,"Wakad, Pune",3481
TXN00310,2024-03-11,06:50 AM,"Wakad, Pune",2741
TXN00311,2024-03-11,03:31 AM,"Wakad, Pune",947
TXN00312,2024-03-11,07:53 AM,"Wakad, Pune",4657
TXN00313,2024-03-11,01:15 PM,"Wakad, Pune",5315
TXN00314,2024-03-11,08:02 PM,"Wakad, Pune",4958
TXN00315,2024-03-11,08:16 AM,"Wakad, Pune",5250
TXN00316,2024-03-11,12:09 AM,"Wakad, Pune",5373
TXN00317,2024-03-11,07:46 PM,"Wakad, Pune",4804
TXN00318,2024-03-11,04:10 PM,"Wakad, Pune",4885
TXN00319,2024-03-11,02:15 PM,"Wakad, Pune",5189
TXN00320,2024-03-11,02:09 AM,"Wakad, Pune",851
TXN00321,2024-03-11,03:19 AM,"Wakad, Pune",1019
TXN00322,2024-03-11,04:10 PM,"Wakad, Pune",2948
TXN00323,2024-03-11,02:51 PM,"Wakad, Pune",2134
TXN00324,2024-03-11,01:34 PM,"Wakad, Pune",2645
TXN00325,2024-03-11,07:49 PM,"Wakad, Pune",3391
TXN00326,2024-03-11,12:28 PM,"Wakad, Pune",4459
TXN00327,2024-03-11,02:43 PM,"Wakad, Pune",3507
TXN00328,2024-03-11,05:02 PM,"Wakad, Pune",1060
TXN00329,2024-03-11,04:16 AM,"Wakad, Pune",5122
TXN00330,2024-03-11,01:52 PM,"Wakad, Pune",1450
TXN00331,2024-03-12,09:35 AM,"Dandekar Bridge, Pune",3803
TXN00332,2024-03-12,06:58 AM,"Dandekar Bridge, Pune",4159
TXN00333,2024-03-12,06:43 AM,"Dandekar Bridge, Pune",3991
TXN00334,2024-03-12,10:16 PM,"Dandekar Bridge, Pune",1310
TXN00335,2024-03-12,02:37 AM,"Dandekar Bridge, Pune",2590
TXN00336,2024-03-12,03:29 PM,"Dandekar Bridge, Pune",1564
TXN00337,2024-03-12,01:56 AM,"Dandekar Bridge, Pune",1409
TXN00338,2024-03-12,08:46 AM,"Dandekar Bridge, Pune",4883
TXN00339,2024-03-12,11:43 PM,"Dandekar Bridge, Pune",1671
TXN00340,2024-03-12,12:51 PM,"Dandekar Bridge, Pune",2230
TXN00341,2024-03-12,08:09 PM,"Dandekar Bridge, Pune",4194
TXN00342,2024-03-12,10:37 AM,"Dandekar Bridge, Pune",3372
TXN00343,2024-03-12,02:12 PM,"Dandekar Bridge, Pune",4439
TXN00344,2024-03-12,01:24 AM,"Dandekar Bridge, Pune",4561
TXN00345,2024-03-12,04:34 PM,"Dandekar Bridge, Pune",3839
TXN00346,2024-03-12,07:13 PM,"Dandekar Bridge, Pune",2528
TXN00347,2024-03-12,04:18 PM,"Dandekar Bridge, Pune",909
TXN00348,2024-03-12,03:41 AM,"Dandekar Bridge, Pune",1911
TXN00349,2024-03-12,03:42 PM,"Dandekar Bridge, Pune",2412
TXN00350,2024-03-12,11:39 AM,"Dandekar Bridge, Pune",4045
TXN00351,2024-03-12,09:20 AM,"Dandekar Bridge, Pune",3375
TXN00352,2024-03-12,11:09 AM,"Dandekar Bridge, Pune",901
TXN00353,2024-03-12,03:39 PM,"Dandekar Bridge, Pune",2053
TXN00354,2024-03-12,07:41 AM,"Dandekar Bridge, Pune",2921
TXN00355,2024-03-12,04:09 PM,"Dandekar Bridge, Pune",5053
TXN00356,2024-03-12,01:49 PM,"Dandekar Bridge, Pune",1278
TXN00357,2024-03-12,04:38 AM,"Dandekar Bridge, Pune",1786
TXN00358,2024-03-12,07:57 PM,"Dandekar Bridge, Pune",5336
TXN00359,2024-03-12,09:56 AM,"Dandekar Bridge, Pune",1284
TXN00360,2024-03-12,06:57 AM,"Dandekar Bridge, Pune",4573
TXN00361,2024-03-13,10:02 AM,"Katraj, Pune",4442
TXN00362,2024-03-13,06:04 PM,"Katraj, Pune",3877
TXN00363,2024-03-13,09:47 PM,"Katraj, Pune",4194
TXN00364,2024-03-13,06:11 PM,"Katraj, Pune",2592
TXN00365,2024-03-13,06:48 AM,"Katraj, Pune",3805
TXN00366,2024-03-13,02:31 AM,"Katraj, Pune",3860
TXN00367,2024-03-13,12:40 AM,"Katraj, Pune",1640
TXN00368,2024-03-13,11:52 PM,"Katraj, Pune",1089
TXN00369,2024-03-13,01:42 AM,"Katraj, Pune",4426
TXN00370,2024-03-13,06:25 AM,"Katraj, Pune",4373
TXN00371,2024-03-13,12:41 PM,"Katraj, Pune",3212
TXN00372,2024-03-13,03:20 AM,"Katraj, Pune",4075
TXN00373,2024-03-13,11:03 AM,"Katraj, Pune",5351
TXN00374,2024-03-13,05:29 PM,"Katraj, Pune",902
TXN00375,2024-03-13,08:37 PM,"Katraj, Pune",5124
TXN00376,2024-03-13,10:42 PM,"Katraj, Pune",856
TXN00377,2024-03-13,10:09 AM,"Katraj, Pune",5169
TXN00378,2024-03-13,12:36 AM,"Katraj, Pune",2088
TXN00379,2024-03-13,12:26 PM,"Katraj, Pune",5424
TXN00380,2024-03-13,09:08 AM,"Katraj, Pune",3940
TXN00381,2024-03-13,12:25 PM,"Katraj, Pune",5261
TXN00382,2024-03-13,03:37 PM,"Katraj, Pune",4460
TXN00383,2024-03-13,03:48 AM,"Katraj, Pune",2475
TXN00384,2024-03-13,03:45 AM,"Katraj, Pune",4899
TXN00385,2024-03-13,08:17 AM,"Katraj, Pune",4496
TXN00386,2024-03-13,11:38 AM,"Katraj, Pune",1750
TXN00387,2024-03-13,11:51 AM,"Katraj, Pune",3688
TXN00388,2024-03-13,12:25 PM,"Katraj, Pune",1185
TXN00389,2024-03-13,05:34 AM,"Katraj, Pune",4212
TXN00390,2024-03-13,04:31 AM,"Katraj, Pune",3827
TXN00391,2024-03-14,12:55 AM,"Dandekar Bridge, Pune",1924
TXN00392,2024-03-14,10:11 PM,"Dandekar Bridge, Pune",4676
TXN00393,2024-03-14,07:48 PM,"Dandekar Bridge, Pune",1075
TXN00394,2024-03-14,05:47 AM,"Dandekar Bridge, Pune",1895
TXN00395,2024-03-14,08:35 AM,"Dandekar Bridge, Pune",1284
TXN00396,2024-03-14,12:34 AM,"Dandekar Bridge, Pune",2432
TXN00397,2024-03-14,10:09 PM,"Dandekar Bridge, Pune",2963
TXN00398,2024-03-14,06:44 AM,"Dandekar Bridge, Pune",3850
TXN00399,2024-03-14,07:40 PM,"Dandekar Bridge, Pune",3918
TXN00400,2024-03-14,09:58 AM,"Dandekar Bridge, Pune",3178
TXN00401,2024-03-14,03:14 PM,"Dandekar Bridge, Pune",3876
TXN00402,2024-03-14,03:14 AM,"Dandekar Bridge, Pune",4824
TXN00403,2024-03-14,11:09 AM,"Dandekar Bridge, Pune",4308
TXN00404,2024-03-14,08:04 PM,"Dandekar Bridge, Pune",4890
TXN00405,2024-03-14,11:37 AM,"Dandekar Bridge, Pune",2345
TXN00406,2024-03-14,06:12 AM,"Dandekar Bridge, Pune",3740
TXN00407,2024-03-14,01:34 AM,"Dandekar Bridge, Pune",3201
TXN00408,2024-03-14,04:50 AM,"Dandekar Bridge, Pune",3835
TXN00409,2024-03-14,01:14 PM,"Dandekar Bridge, Pune",899
TXN00410,2024-03-14,12:34 AM,"Dandekar Bridge, Pune",1990
TXN00411,2024-03-14,05:49 AM,"Dandekar Bridge, Pune",4528
TXN00412,2024-03-14,12:59 AM,"Dandekar Bridge, Pune",1282
TXN00413,2024-03-14,01:29 PM,"Dandekar Bridge, Pune",1941
TXN00414,2024-03-14,09:49 PM,"Dandekar Bridge, Pune",4941
TXN00415,2024-03-14,01:57 PM,"Dandekar Bridge, Pune",4978
TXN00416,2024-03-14,07:54 PM,"Dandekar Bridge, Pune",5104
TXN00417,2024-03-14,04:59 PM,"Dandekar Bridge, Pune",3589
TXN00418,2024-03-14,06:10 PM,"Dandekar Bridge, Pune",2088
TXN00419,2024-03-14,08:08 PM,"Dandekar Bridge, Pune",849
TXN00420,2024-03-14,01:07 PM,"Dandekar Bridge, Pune",2314
TXN00421,2024-03-15,05:32 PM,"Wakad, Pune",972
TXN00422,2024-03-15,06:44 AM,"Wakad, Pune",4410
TXN00423,2024-03-15,11:57 PM,"Wakad, Pune",4162
TXN00424,2024-03-15,08:48 AM,"Wakad, Pune",2295
TXN00425,2024-03-15,09:25 AM,"Wakad, Pune",1040
TXN00426,2024-03-15,10:19 PM,"Wakad, Pune",4360
TXN00427,2024-03-15,05:50 PM,"Wakad, Pune",5178
TXN00428,2024-03-15,03:11 AM,"Wakad, Pune",3333
TXN00429,2024-03-15,05:00 AM,"Wakad, Pune",3170
TXN00430,2024-03-15,09:38 PM,"Wakad, Pune",2544
TXN00431,2024-03-15,07:13 AM,"Wakad, Pune",1804
TXN00432,2024-03-15,03:04 PM,"Wakad, Pune",5178
TXN00433,2024-03-15,02:32 AM,"Wakad, Pune",1414
TXN00434,2024-03-15,11:54 AM,"Wakad, Pune",2975
TXN00435,2024-03-15,03:11 AM,"Wakad, Pune",1429
TXN00436,2024-03-15,10:37 PM,"Wakad, Pune",1036
TXN00437,2024-03-15,08:38 AM,"Wakad, Pune",2780
TXN00438,2024-03-15,02:34 AM,"Wakad, Pune",2939
TXN00439,2024-03-15,01:30 AM,"Wakad, Pune",807
TXN00440,2024-03-15,10:28 AM,"Wakad, Pune",1159
TXN00441,2024-03-15,12:55 AM,"Wakad, Pune",1738
TXN00442,2024-03-15,06:00 PM,"Wakad, Pune",3785
TXN00443,2024-03-15,12:32 AM,"Wakad, Pune",4460
TXN00444,2024-03-15,08:02 AM,"Wakad, Pune",4727
TXN00445,2024-03-15,04:57 PM,"Wakad, Pune",2575
TXN00446,2024-03-15,07:46 AM,"Wakad, Pune",2650
TXN00447,2024-03-15,08:42 PM,"Wakad, Pune",3727
TXN00448,2024-03-15,07:26 PM,"Wakad, Pune",1302
TXN00449,2024-03-15,02:01 PM,"Wakad, Pune",2561
TXN00450,2024-03-15,02:20 AM,"Wakad, Pune",2850
TXN00451,2024-03-16,03:40 PM,"Hinjewadi, Pune",5497
TXN00452,2024-03-16,01:36 PM,"Hinjewadi, Pune",1565
TXN00453,2024-03-16,02:03 PM,"Hinjewadi, Pune",5174
TXN00454,2024-03-16,02:18 AM,"Hinjewadi, Pune",4526
TXN00455,2024-03-16,07:54 PM,"Hinjewadi, Pune",2372
TXN00456,2024-03-16,07:57 AM,"Hinjewadi, Pune",5202
TXN00457,2024-03-16,07:06 PM,"Hinjewadi, Pune",1365
TXN00458,2024-03-16,09:42 PM,"Hinjewadi, Pune",3576
TXN00459,2024-03-16,08:19 PM,"Hinjewadi, Pune",4138
TXN00460,2024-03-16,07:43 AM,"Hinjewadi, Pune",2630
TXN00461,2024-03-16,06:49 PM,"Hinjewadi, Pune",2522
TXN00462,2024-03-16,07:36 AM,"Hinjewadi, Pune",4363
TXN00463,2024-03-16,09:20 AM,"Hinjewadi, Pune",3401
TXN00464,2024-03-16,01:34 AM,"Hinjewadi, Pune",4152
TXN00465,2024-03-16,12:40 AM,"Hinjewadi, Pune",4515
TXN00466,2024-03-16,06:11 AM,"Hinjewadi, Pune",1760
TXN00467,2024-03-16,09:50 AM,"Hinjewadi, Pune",907
TXN00468,2024-03-16,12:07 AM,"Hinjewadi, Pune",5169
TXN00469,2024-03-16,08:41 PM,"Hinjewadi, Pune",4395
TXN00470,2024-03-16,03:59 PM,"Hinjewadi, Pune",5457
TXN00471,2024-03-16,08:50 AM,"Hinjewadi, Pune",5244
TXN00472,2024-03-16,10:40 AM,"Hinjewadi, Pune",2415
TXN00473,2024-03-16,04:24 AM,"Hinjewadi, Pune",3755
TXN00474,2024-03-16,11:24 PM,"Hinjewadi, Pune",2290
TXN00475,2024-03-16,02:05 PM,"Hinjewadi, Pune",3541
TXN00476,2024-03-16,12:06 PM,"Hinjewadi, Pune",4449
TXN00477,2024-03-16,08:00 PM,"Hinjewadi, Pune",3508
TXN00478,2024-03-16,03:51 AM,"Hinjewadi, Pune",1335
TXN00479,2024-03-16,08:25 AM,"Hinjewadi, Pune",3268
TXN00480,2024-03-16,07:50 AM,"Hinjewadi, Pune",4699
TXN00481,2024-03-17,10:38 AM,"Dandekar Bridge, Pune",1695
TXN00482,2024-03-17,06:25 PM,"Dandekar Bridge, Pune",5437
TXN00483,2024-03-17,09:54 AM,"Dandekar Bridge, Pune",1849
TXN00484,2024-03-17,07:57 PM,"Dandekar Bridge, Pune",4005
TXN00485,2024-03-17,12:16 AM,"Dandekar Bridge, Pune",5466
TXN00486,2024-03-17,02:34 PM,"Dandekar Bridge, Pune",2208
TXN00487,2024-03-17,12:23 PM,"Dandekar Bridge, Pune",2794
TXN00488,2024-03-17,06:09 AM,"Dandekar Bridge, Pune",1857
TXN00489,2024-03-17,07:53 PM,"Dandekar Bridge, Pune",1185
TXN00490,2024-03-17,05:16 AM,"Dandekar Bridge, Pune",4750
TXN00491,2024-03-17,11:02 AM,"Dandekar Bridge, Pune",3447
TXN00492,2024-03-17,08:12 PM,"Dandekar Bridge, Pune",5299
TXN00493,2024-03-17,06:00 PM,"Dandekar Bridge, Pune",1919
TXN00494,2024-03-17,05:38 PM,"Dandekar Bridge, Pune",2903
TXN00495,2024-03-17,02:30 AM,"Dandekar Bridge, Pune",4977
TXN00496,2024-03-17,12:37 AM,"Dandekar Bridge, Pune",2687
TXN00497,2024-03-17,10:03 PM,"Dandekar Bridge, Pune",3038
TXN00498,2024-03-17,07:11 PM,"Dandekar Bridge, Pune",2060
TXN00499,2024-03-17,04:48 PM,"Dandekar Bridge, Pune",2151
TXN00500,2024-03-17,08:36 PM,"Dandekar Bridge, Pune",3574
TXN00501,2024-03-17,06:08 PM,"Dandekar Bridge, Pune",1114
TXN00502,2024-03-17,04:10 AM,"Dandekar Bridge, Pune",4238
TXN00503,2024-03-17,01:23 AM,"Dandekar Bridge, Pune",2045
TXN00504,2024-03-17,05:36 AM,"Dandekar Bridge, Pune",1498
TXN00505,2024-03-17,08:46 PM,"Dandekar Bridge, Pune",1544
TXN00506,2024-03-17,10:00 PM,"Dandekar Bridge, Pune",4987
TXN00507,2024-03-17,09:35 AM,"Dandekar Bridge, Pune",1441
TXN00508,2024-03-17,04:15 PM,"Dandekar Bridge, Pune",5405
TXN00509,2024-03-17,01:18 PM,"Dandekar Bridge, Pune",1898
TXN00510,2024-03-17,03:40 PM,"Dandekar Bridge, Pune",5418
TXN00511,2024-03-18,06:29 PM,"Chinchwad, Pune",1252
TXN00512,2024-03-18,06:15 PM,"Chinchwad, Pune",5299
TXN00513,2024-03-18,03:29 PM,"Chinchwad, Pune",2426
TXN00514,2024-03-18,02:59 AM,"Chinchwad, Pune",3833
TXN00515,2024-03-18,11:00 PM,"Chinchwad, Pune",2660
TXN00516,2024-03-18,06:03 PM,"Chinchwad, Pune",3095
TXN00517,2024-03-18,01:59 PM,"Chinchwad, Pune",3394
TXN00518,2024-03-18,12:23 AM,"Chinchwad, Pune",5162
TXN00519,2024-03-18,10:52 PM,"Chinchwad, Pune",5454
TXN00520,2024-03-18,11:00 PM,"Chinchwad, Pune",2521
TXN00521,2024-03-18,01:07 AM,"Chinchwad, Pune",4079
TXN00522,2024-03-18,05:11 PM,"Chinchwad, Pune",2876
TXN00523,2024-03-18,12:32 AM,"Chinchwad, Pune",1852
TXN00524,2024-03-18,08:40 PM,"Chinchwad, Pune",3818
TXN00525,2024-03-18,03:53 PM,"Chinchwad, Pune",5252
TXN00526,2024-03-18,06:22 AM,"Chinchwad, Pune",3605
TXN00527,2024-03-18,03:53 PM,"Chinchwad, Pune",5357
TXN00528,2024-03-18,01:32 AM,"Chinchwad, Pune",1155
TXN00529,2024-03-18,06:51 PM,"Chinchwad, Pune",2518
TXN00530,2024-03-18,10:40 PM,"Chinchwad, Pune",1503
TXN00531,2024-03-18,08:31 PM,"Chinchwad, Pune",2577
TXN00532,2024-03-18,01:37 AM,"Chinchwad, Pune",3333
TXN00533,2024-03-18,01:09 PM,"Chinchwad, Pune",2849
TXN00534,2024-03-18,01:35 AM,"Chinchwad, Pune",5400
TXN00535,2024-03-18,10:09 PM,"Chinchwad, Pune",4627
TXN00536,2024-03-18,11:07 AM,"Chinchwad, Pune",5136
TXN00537,2024-03-18,07:33 PM,"Chinchwad, Pune",3994
TXN00538,2024-03-18,01:20 PM,"Chinchwad, Pune",4771
TXN00539,2024-03-18,10:01 PM,"Chinchwad, Pune",1577
TXN00540,2024-03-18,02:50 AM,"Chinchwad, Pune",1104
TXN00541,2024-03-19,04:02 PM,"Pimpri, Pune",3195
TXN00542,2024-03-19,10:58 AM,"Pimpri, Pune",945
TXN00543,2024-03-19,06:47 AM,"Pimpri, Pune",4989
TXN00544,2024-03-19,04:40 PM,"Pimpri, Pune",1316
TXN00545,2024-03-19,08:46 AM,"Pimpri, Pune",3794
TXN00546,2024-03-19,07:09 PM,"Pimpri, Pune",2695
TXN00547,2024-03-19,08:40 AM,"Pimpri, Pune",4829
TXN00548,2024-03-19,11:46 AM,"Pimpri, Pune",1549
TXN00549,2024-03-19,04:32 AM,"Pimpri, Pune",2167
TXN00550,2024-03-19,01:51 PM,"Pimpri, Pune",2535
TXN00551,2024-03-19,07:18 AM,"Pimpri, Pune",1949
TXN00552,2024-03-19,11:19 PM,"Pimpri, Pune",860
TXN00553,2024-03-19,02:39 PM,"Pimpri, Pune",4952
TXN00554,2024-03-19,03:43 PM,"Pimpri, Pune",2569
TXN00555,2024-03-19,07:57 AM,"Pimpri, Pune",927
TXN00556,2024-03-19,10:20 PM,"Pimpri, Pune",3464
TXN00557,2024-03-19,05:52 PM,"Pimpri, Pune",2904
TXN00558,2024-03-19,11:12 AM,"Pimpri, Pune",2274
TXN00559,2024-03-19,02:58 AM,"Pimpri, Pune",5203
TXN00560,2024-03-19,08:24 AM,"Pimpri, Pune",2979
TXN00561,2024-03-19,12:21 PM,"Pimpri, Pune",3384
TXN00562,2024-03-19,04:53 PM,"Pimpri, Pune",1803
TXN00563,2024-03-19,03:42 PM,"Pimpri, Pune",1179
TXN00564,2024-03-19,03:22 PM,"Pimpri, Pune",4262
TXN00565,2024-03-19,05:08 PM,"Pimpri, Pune",4590
TXN00566,2024-03-19,02:05 PM,"Pimpri, Pune",2994
TXN00567,2024-03-19,02:06 PM,"Pimpri, Pune",2155
TXN00568,2024-03-19,04:01 PM,"Pimpri, Pune",3737
TXN00569,2024-03-19,06:32 PM,"Pimpri, Pune",4728
TXN00570,2024-03-19,02:00 AM,"Pimpri, Pune",4911
TXN00571,2024-03-20,09:32 PM,"Kothrud, Pune",5194
TXN00572,2024-03-20,02:34 AM,"Kothrud, Pune",4258
TXN00573,2024-03-20,01:10 PM,"Kothrud, Pune",3781
TXN00574,2024-03-20,01:51 PM,"Kothrud, Pune",2178
TXN00575,2024-03-20,04:01 AM,"Kothrud, Pune",2429
TXN00576,2024-03-20,06:44 AM,"Kothrud, Pune",3553
TXN00577,2024-03-20,01:23 AM,"Kothrud, Pune",2703
TXN00578,2024-03-20,05:35 AM,"Kothrud, Pune",3948
TXN00579,2024-03-20,06:42 PM,"Kothrud, Pune",1754
TXN00580,2024-03-20,08:31 AM,"Kothrud, Pune",4651
TXN00581,2024-03-20,03:37 AM,"Kothrud, Pune",3673
TXN00582,2024-03-20,11:58 PM,"Kothrud, Pune",2350
TXN00583,2024-03-20,09:41 AM,"Kothrud, Pune",840
TXN00584,2024-03-20,12:07 PM,"Kothrud, Pune",2735
TXN00585,2024-03-20,03:27 PM,"Kothrud, Pune",2396
TXN00586,2024-03-20,05:34 PM,"Kothrud, Pune",2918
TXN00587,2024-03-20,05:50 AM,"Kothrud, Pune",4667
TXN00588,2024-03-20,07:42 AM,"Kothrud, Pune",4371
TXN00589,2024-03-20,09:13 AM,"Kothrud, Pune",2370
TXN00590,2024-03-20,11:01 PM,"Kothrud, Pune",5157
TXN00591,2024-03-20,06:06 AM,"Kothrud, Pune",3066
TXN00592,2024-03-20,01:08 AM,"Kothrud, Pune",3585
TXN00593,2024-03-20,02:10 PM,"Kothrud, Pune",1778
TXN00594,2024-03-20,12:48 PM,"Kothrud, Pune",2253
TXN00595,2024-03-20,06:47 AM,"Kothrud, Pune",2741
TXN00596,2024-03-20,05:30 AM,"Kothrud, Pune",2585
TXN00597,2024-03-20,03:38 AM,"Kothrud, Pune",3373
TXN00598,2024-03-20,02:24 AM,"Kothrud, Pune",1342
TXN00599,2024-03-20,11:42 PM,"Kothrud, Pune",3565
TXN00600,2024-03-20,03:29 AM,"Kothrud, Pune",2659
TXN00601,2024-03-21,12:46 PM,"Pimpri, Pune",1712
TXN00602,2024-03-21,11:46 PM,"Pimpri, Pune",1788
TXN00603,2024-03-21,12:00 PM,"Pimpri, Pune",3591
TXN00604,2024-03-21,06:19 PM,"Pimpri, Pune",4285
TXN00605,2024-03-21,02:36 PM,"Pimpri, Pune",1419
TXN00606,2024-03-21,07:14 AM,"Pimpri, Pune",1884
TXN00607,2024-03-21,02:23 AM,"Pimpri, Pune",3553
TXN00608,2024-03-21,03:27 PM,"Pimpri, Pune",802
TXN00609,2024-03-21,07:35 AM,"Pimpri, Pune",3652
TXN00610,2024-03-21,04:45 AM,"Pimpri, Pune",3079
TXN00611,2024-03-21,11:39 AM,"Pimpri, Pune",2515
TXN00612,2024-03-21,06:01 PM,"Pimpri, Pune",4765
TXN00613,2024-03-21,01:44 AM,"Pimpri, Pune",1619
TXN00614,2024-03-21,03:51 AM,"Pimpri, Pune",3252
TXN00615,2024-03-21,03:10 AM,"Pimpri, Pune",4605
TXN00616,2024-03-21,12:17 PM,"Pimpri, Pune",1605
TXN00617,2024-03-21,10:43 AM,"Pimpri, Pune",2126
TXN00618,2024-03-21,06:32 PM,"Pimpri, Pune",5383
TXN00619,2024-03-21,10:41 PM,"Pimpri, Pune",1435
TXN00620,2024-03-21,09:23 AM,"Pimpri, Pune",5475
TXN00621,2024-03-21,03:16 AM,"Pimpri, Pune",3806
TXN00622,2024-03-21,03:27 AM,"Pimpri, Pune",3584
TXN00623,2024-03-21,06:34 PM,"Pimpri, Pune",1849
TXN00624,2024-03-21,02:48 PM,"Pimpri, Pune",4917
TXN00625,2024-03-21,05:53 AM,"Pimpri, Pune",3907
TXN00626,2024-03-21,11:39 AM,"Pimpri, Pune",2473
TXN00627,2024-03-21,08:12 AM,"Pimpri, Pune",1938
TXN00628,2024-03-21,02:02 AM,"Pimpri, Pune",4499
TXN00629,2024-03-21,05:33 PM,"Pimpri, Pune",4431
TXN00630,2024-03-21,05:46 AM,"Pimpri, Pune",5401
TXN00631,2024-03-22,04:40 PM,"Wakad, Pune",1824
TXN00632,2024-03-22,05:47 PM,"Wakad, Pune",1379
TXN00633,2024-03-22,02:51 AM,"Wakad, Pune",2619
TXN00634,2024-03-22,12:32 PM,"Wakad, Pune",1574
TXN00635,2024-03-22,01:27 PM,"Wakad, Pune",1567
TXN00636,2024-03-22,11:34 PM,"Wakad, Pune",4093
TXN00637,2024-03-22,01:43 AM,"Wakad, Pune",5268
TXN00638,2024-03-22,03:26 AM,"Wakad, Pune",3002
TXN00639,2024-03-22,09:22 AM,"Wakad, Pune",2472
TXN00640,2024-03-22,09:59 AM,"Wakad, Pune",5455
TXN00641,2024-03-22,12:02 AM,"Wakad, Pune",2609
TXN00642,2024-03-22,03:07 PM,"Wakad, Pune",899
TXN00643,2024-03-22,12:07 PM,"Wakad, Pune",5433
TXN00644,2024-03-22,12:51 AM,"Wakad, Pune",5352
TXN00645,2024-03-22,03:26 AM,"Wakad, Pune",4046
TXN00646,2024-03-22,12:59 PM,"Wakad, Pune",3792
TXN00647,2024-03-22,04:26 AM,"Wakad, Pune",4502
TXN00648,2024-03-22,01:06 AM,"Wakad, Pune",3745
TXN00649,2024-03-22,11:40 PM,"Wakad, Pune",3498
TXN00650,2024-03-22,10:58 PM,"Wakad, Pune",3065
TXN00651,2024-03-22,08:43 PM,"Wakad, Pune",5431
TXN00652,2024-03-22,06:56 AM,"Wakad, Pune",1989
TXN00653,2024-03-22,02:32 AM,"Wakad, Pune",4969
TXN00654,2024-03-22,03:12 PM,"Wakad, Pune",4865
TXN00655,2024-03-22,08:48 PM,"Wakad, Pune",1347
TXN00656,2024-03-22,09:05 PM,"Wakad, Pune",1937
TXN00657,2024-03-22,04:35 AM,"Wakad, Pune",4225
TXN00658,2024-03-22,11:55 PM,"Wakad, Pune",3375
TXN00659,2024-03-22,09:44 AM,"Wakad, Pune",4734
TXN00660,2024-03-22,05:52 PM,"Wakad, Pune",4691
TXN00661,2024-03-23,04:18 AM,"Hinjewadi, Pune",4605
TXN00662,2024-03-23,12:53 AM,"Hinjewadi, Pune",4988
TXN00663,2024-03-23,12:26 PM,"Hinjewadi, Pune",3556
TXN00664,2024-03-23,11:11 AM,"Hinjewadi, Pune",1047
TXN00665,2024-03-23,03:10 PM,"Hinjewadi, Pune",4947
TXN00666,2024-03-23,04:42 PM,"Hinjewadi, Pune",4474
TXN00667,2024-03-23,03:27 PM,"Hinjewadi, Pune",1936
TXN00668,2024-03-23,12:28 AM,"Hinjewadi, Pune",4317
TXN00669,2024-03-23,05:19 PM,"Hinjewadi, Pune",5029
TXN00670,2024-03-23,08:29 AM,"Hinjewadi, Pune",4305
TXN00671,2024-03-23,08:47 AM,"Hinjewadi, Pune",2926
TXN00672,2024-03-23,07:55 AM,"Hinjewadi, Pune",3204
TXN00673,2024-03-23,09:45 AM,"Hinjewadi, Pune",4833
TXN00674,2024-03-23,04:41 PM,"Hinjewadi, Pune",4351
TXN00675,2024-03-23,11:09 PM,"Hinjewadi, Pune",4388
TXN00676,2024-03-23,02:28 AM,"Hinjewadi, Pune",2759
TXN00677,2024-03-23,04:02 PM,"Hinjewadi, Pune",2041
TXN00678,2024-03-23,10:23 PM,"Hinjewadi, Pune",4413
TXN00679,2024-03-23,12:59 PM,"Hinjewadi, Pune",4405
TXN00680,2024-03-23,01:02 PM,"Hinjewadi, Pune",3309
TXN00681,2024-03-23,05:48 AM,"Hinjewadi, Pune",1566
TXN00682,2024-03-23,10:48 AM,"Hinjewadi, Pune",2926
TXN00683,2024-03-23,12:54 PM,"Hinjewadi, Pune",3405
TXN00684,2024-03-23,11:22 AM,"Hinjewadi, Pune",4759
TXN00685,2024-03-23,09:46 AM,"Hinjewadi, Pune",3609
TXN00686,2024-03-23,09:11 AM,"Hinjewadi, Pune",1995
TXN00687,2024-03-23,07:36 PM,"Hinjewadi, Pune",4655
TXN00688,2024-03-23,10:39 AM,"Hinjewadi, Pune",3473
TXN00689,2024-03-23,12:07 AM,"Hinjewadi, Pune",2119
TXN00690,2024-03-23,09:19 PM,"Hinjewadi, Pune",4814
TXN00691,2024-03-24,03:08 AM,"Chinchwad, Pune",3971
TXN00692,2024-03-24,11:40 AM,"Chinchwad, Pune",4887
TXN00693,2024-03-24,05:31 AM,"Chinchwad, Pune",1640
TXN00694,2024-03-24,04:03 PM,"Chinchwad, Pune",856
TXN00695,2024-03-24,03:07 PM,"Chinchwad, Pune",2224
TXN00696,2024-03-24,11:54 PM,"Chinchwad, Pune",3404
TXN00697,2024-03-24,12:32 AM,"Chinchwad, Pune",4602
TXN00698,2024-03-24,06:28 AM,"Chinchwad, Pune",5087
TXN00699,2024-03-24,03:31 AM,"Chinchwad, Pune",4117
TXN00700,2024-03-24,11:14 PM,"Chinchwad, Pune",1622
TXN00701,2024-03-24,07:21 AM,"Chinchwad, Pune",2372
TXN00702,2024-03-24,01:50 AM,"Chinchwad, Pune",1224
TXN00703,2024-03-24,09:58 PM,"Chinchwad, Pune",3722
TXN00704,2024-03-24,03:06 PM,"Chinchwad, Pune",1658
TXN00705,2024-03-24,05:16 AM,"Chinchwad, Pune",2438
TXN00706,2024-03-24,07:27 AM,"Chinchwad, Pune",937
TXN00707,2024-03-24,11:02 PM,"Chinchwad, Pune",2826
TXN00708,2024-03-24,01:05 PM,"Chinchwad, Pune",4985
TXN00709,2024-03-24,02:10 AM,"Chinchwad, Pune",3875
TXN00710,2024-03-24,08:09 AM,"Chinchwad, Pune",3690
TXN00711,2024-03-24,03:44 PM,"Chinchwad, Pune",3471
TXN00712,2024-03-24,10:32 AM,"Chinchwad, Pune",5190
TXN00713,2024-03-24,07:46 AM,"Chinchwad, Pune",2076
TXN00714,2024-03-24,11:32 AM,"Chinchwad, Pune",2304
TXN00715,2024-03-24,08:45 AM,"Chinchwad, Pune",3754
TXN00716,2024-03-24,12:26 PM,"Chinchwad, Pune",1755
TXN00717,2024-03-24,05:39 PM,"Chinchwad, Pune",5298
TXN00718,2024-03-24,01:40 AM,"Chinchwad, Pune",4220
TXN00719,2024-03-24,05:23 PM,"Chinchwad, Pune",2012
TXN00720,2024-03-24,10:29 AM,"Chinchwad, Pune",1248
TXN00721,2024-03-25,03:39 PM,"Koregaon Park, Pune",2381
TXN00722,2024-03-25,01:47 AM,"Koregaon Park, Pune",1346
TXN00723,2024-03-25,02:15 AM,"Koregaon Park, Pune",3636
TXN00724,2024-03-25,03:17 AM,"Koregaon Park, Pune",3788
TXN00725,2024-03-25,11:57 PM,"Koregaon Park, Pune",3343
TXN00726,2024-03-25,03:03 PM,"Koregaon Park, Pune",1213
TXN00727,2024-03-25,09:51 AM,"Koregaon Park, Pune",1342
TXN00728,2024-03-25,02:22 AM,"Koregaon Park, Pune",2833
TXN00729,2024-03-25,08:24 AM,"Koregaon Park, Pune",876
TXN00730,2024-03-25,09:03 PM,"Koregaon Park, Pune",3961
TXN00731,2024-03-25,12:06 AM,"Koregaon Park, Pune",4986
TXN00732,2024-03-25,08:45 AM,"Koregaon Park, Pune",2426
TXN00733,2024-03-25,06:22 AM,"Koregaon Park, Pune",1377
TXN00734,2024-03-25,12:52 PM,"Koregaon Park, Pune",2644
TXN00735,2024-03-25,05:46 PM,"Koregaon Park, Pune",4359
TXN00736,2024-03-25,12:06 AM,"Koregaon Park, Pune",1499
TXN00737,2024-03-25,04:01 PM,"Koregaon Park, Pune",3636
TXN00738,2024-03-25,08:11 PM,"Koregaon Park, Pune",2989
TXN00739,2024-03-25,11:42 PM,"Koregaon Park, Pune",1422
TXN00740,2024-03-25,07:05 AM,"Koregaon Park, Pune",1215
TXN00741,2024-03-25,11:54 PM,"Koregaon Park, Pune",4350
TXN00742,2024-03-25,07:47 AM,"Koregaon Park, Pune",1941
TXN00743,2024-03-25,12:57 PM,"Koregaon Park, Pune",2176
TXN00744,2024-03-25,04:45 AM,"Koregaon Park, Pune",807
TXN00745,2024-03-25,10:27 AM,"Koregaon Park, Pune",2822
TXN00746,2024-03-25,12:25 PM,"Koregaon Park, Pune",4484
TXN00747,2024-03-25,06:22 AM,"Koregaon Park, Pune",4102
TXN00748,2024-03-25,08:54 AM,"Koregaon Park, Pune",4281
TXN00749,2024-03-25,09:39 PM,"Koregaon Park, Pune",1407
TXN00750,2024-03-25,12:48 AM,"Koregaon Park, Pune",1022
TXN00751,2024-03-26,04:24 AM,"Pimpri, Pune",2340
TXN00752,2024-03-26,03:58 AM,"Pimpri, Pune",2336
TXN00753,2024-03-26,07:11 AM,"Pimpri, Pune",827
TXN00754,2024-03-26,05:21 AM,"Pimpri, Pune",4612
TXN00755,2024-03-26,04:13 PM,"Pimpri, Pune",3476
TXN00756,2024-03-26,10:35 AM,"Pimpri, Pune",3157
TXN00757,2024-03-26,11:34 AM,"Pimpri, Pune",2173
TXN00758,2024-03-26,01:46 AM,"Pimpri, Pune",3767
TXN00759,2024-03-26,03:45 PM,"Pimpri, Pune",4194
TXN00760,2024-03-26,03:12 AM,"Pimpri, Pune",868
TXN00761,2024-03-26,01:27 AM,"Pimpri, Pune",4826
TXN00762,2024-03-26,01:22 PM,"Pimpri, Pune",4878
TXN00763,2024-03-26,08:48 AM,"Pimpri, Pune",3332
TXN00764,2024-03-26,11:33 PM,"Pimpri, Pune",1136
TXN00765,2024-03-26,12:20 AM,"Pimpri, Pune",4408
TXN00766,2024-03-26,10:53 AM,"Pimpri, Pune",4234
TXN00767,2024-03-26,05:17 AM,"Pimpri, Pune",2472
TXN00768,2024-03-26,06:57 AM,"Pimpri, Pune",4491
TXN00769,2024-03-26,05:24 AM,"Pimpri, Pune",1562
TXN00770,2024-03-26,11:00 PM,"Pimpri, Pune",3032
TXN00771,2024-03-26,04:04 AM,"Pimpri, Pune",3406
TXN00772,2024-03-26,02:56 AM,"Pimpri, Pune",971
TXN00773,2024-03-26,12:57 PM,"Pimpri, Pune",4288
TXN00774,2024-03-26,12:07 PM,"Pimpri, Pune",1509
TXN00775,2024-03-26,08:36 AM,"Pimpri, Pune",2496
TXN00776,2024-03-26,11:42 PM,"Pimpri, Pune",4247
TXN00777,2024-03-26,12:31 AM,"Pimpri, Pune",4888
TXN00778,2024-03-26,12:14 PM,"Pimpri, Pune",3299
TXN00779,2024-03-26,09:34 PM,"Pimpri, Pune",3052
TXN00780,2024-03-26,03:57 PM,"Pimpri, Pune",4396
TXN00781,2024-03-27,05:54 PM,"Koregaon Park, Pune",2365
TXN00782,2024-03-27,03:10 AM,"Koregaon Park, Pune",2093
TXN00783,2024-03-27,12:01 PM,"Koregaon Park, Pune",1019
TXN00784,2024-03-27,11:59 PM,"Koregaon Park, Pune",2716
TXN00785,2024-03-27,03:36 PM,"Koregaon Park, Pune",5081
TXN00786,2024-03-27,05:10 AM,"Koregaon Park, Pune",1141
TXN00787,2024-03-27,08:55 PM,"Koregaon Park, Pune",3126
TXN00788,2024-03-27,06:16 PM,"Koregaon Park, Pune",3277
TXN00789,2024-03-27,04:41 AM,"Koregaon Park, Pune",2494
TXN00790,2024-03-27,04:06 AM,"Koregaon Park, Pune",2896
TXN00791,2024-03-27,03:51 AM,"Koregaon Park, Pune",2083
TXN00792,2024-03-27,06:27 PM,"Koregaon Park, Pune",2818
TXN00793,2024-03-27,08:23 AM,"Koregaon Park, Pune",4339
TXN00794,2024-03-27,05:36 PM,"Koregaon Park, Pune",1374
TXN00795,2024-03-27,11:09 PM,"Koregaon Park, Pune",1406
TXN00796,2024-03-27,07:22 AM,"Koregaon Park, Pune",4461
TXN00797,2024-03-27,09:41 AM,"Koregaon Park, Pune",4716
TXN00798,2024-03-27,04:40 AM,"Koregaon Park, Pune",4708
TXN00799,2024-03-27,11:50 PM,"Koregaon Park, Pune",1293
TXN00800,2024-03-27,12:44 PM,"Koregaon Park, Pune",2611
TXN00801,2024-03-27,05:10 PM,"Koregaon Park, Pune",2963
TXN00802,2024-03-27,11:47 PM,"Koregaon Park, Pune",4603
TXN00803,2024-03-27,08:13 PM,"Koregaon Park, Pune",4604
TXN00804,2024-03-27,02:01 AM,"Koregaon Park, Pune",4054
TXN00805,2024-03-27,01:43 PM,"Koregaon Park, Pune",4071
TXN00806,2024-03-27,03:57 AM,"Koregaon Park, Pune",3994
TXN00807,2024-03-27,07:55 PM,"Koregaon Park, Pune",3377
TXN00808,2024-03-27,04:12 AM,"Koregaon Park, Pune",3011
TXN00809,2024-03-27,07:03 PM,"Koregaon Park, Pune",1978
TXN00810,2024-03-27,10:31 PM,"Koregaon Park, Pune",5348
TXN00811,2024-03-28,08:16 PM,"Viman Nagar, Pune",4132
TXN00812,2024-03-28,11:53 PM,"Viman Nagar, Pune",1272
TXN00813,2024-03-28,08:49 AM,"Viman Nagar, Pune",5001
TXN00814,2024-03-28,03:33 PM,"Viman Nagar, Pune",2800
TXN00815,2024-03-28,09:05 AM,"Viman Nagar, Pune",4784
TXN00816,2024-03-28,12:29 AM,"Viman Nagar, Pune",5000
TXN00817,2024-03-28,06:07 PM,"Viman Nagar, Pune",2154
TXN00818,2024-03-28,09:06 AM,"Viman Nagar, Pune",5247
TXN00819,2024-03-28,10:49 AM,"Viman Nagar, Pune",816
TXN00820,2024-03-28,04:57 PM,"Viman Nagar, Pune",3837
TXN00821,2024-03-28,11:50 PM,"Viman Nagar, Pune",3008
TXN00822,2024-03-28,02:22 PM,"Viman Nagar, Pune",4284
TXN00823,2024-03-28,09:37 AM,"Viman Nagar, Pune",2213
TXN00824,2024-03-28,04:02 PM,"Viman Nagar, Pune",4890
TXN00825,2024-03-28,10:31 AM,"Viman Nagar, Pune",1552
TXN00826,2024-03-28,03:16 PM,"Viman Nagar, Pune",3834
TXN00827,2024-03-28,06:39 PM,"Viman Nagar, Pune",1554
TXN00828,2024-03-28,09:12 PM,"Viman Nagar, Pune",1234
TXN00829,2024-03-28,10:53 AM,"Viman Nagar, Pune",3784
TXN00830,2024-03-28,08:07 PM,"Viman Nagar, Pune",1601
TXN00831,2024-03-28,08:27 AM,"Viman Nagar, Pune",2376
TXN00832,2024-03-28,03:08 PM,"Viman Nagar, Pune",3173
TXN00833,2024-03-28,03:51 PM,"Viman Nagar, Pune",2438
TXN00834,2024-03-28,11:02 PM,"Viman Nagar, Pune",2139
TXN00835,2024-03-28,04:41 AM,"Viman Nagar, Pune",2089
TXN00836,2024-03-28,06:26 PM,"Viman Nagar, Pune",3391
TXN00837,2024-03-28,04:50 AM,"Viman Nagar, Pune",2684
TXN00838,2024-03-28,08:29 PM,"Viman Nagar, Pune",4169
TXN00839,2024-03-28,05:14 AM,"Viman Nagar, Pune",5243
TXN00840,2024-03-28,04:33 PM,"Viman Nagar, Pune",1083
TXN00841,2024-03-29,04:11 AM,"Wakad, Pune",1311
TXN00842,2024-03-29,10:23 PM,"Wakad, Pune",5492
TXN00843,2024-03-29,02:57 AM,"Wakad, Pune",1773
TXN00844,2024-03-29,08:43 AM,"Wakad, Pune",2877
TXN00845,2024-03-29,04:21 PM,"Wakad, Pune",3329
TXN00846,2024-03-29,10:45 AM,"Wakad, Pune",1988
TXN00847,2024-03-29,06:49 PM,"Wakad, Pune",1804
TXN00848,2024-03-29,04:19 PM,"Wakad, Pune",3770
TXN00849,2024-03-29,06:40 AM,"Wakad, Pune",3986
TXN00850,2024-03-29,11:03 AM,"Wakad, Pune",2611
TXN00851,2024-03-29,12:59 PM,"Wakad, Pune",1618
TXN00852,2024-03-29,10:46 PM,"Wakad, Pune",4963
TXN00853,2024-03-29,04:09 PM,"Wakad, Pune",2314
TXN00854,2024-03-29,01:05 AM,"Wakad, Pune",1099
TXN00855,2024-03-29,10:10 PM,"Wakad, Pune",4189
TXN00856,2024-03-29,11:11 PM,"Wakad, Pune",3841
TXN00857,2024-03-29,06:16 AM,"Wakad, Pune",2466
TXN00858,2024-03-29,01:37 PM,"Wakad, Pune",4283
TXN00859,2024-03-29,05:31 PM,"Wakad, Pune",1002
TXN00860,2024-03-29,05:46 AM,"Wakad, Pune",906
TXN00861,2024-03-29,06:22 PM,"Wakad, Pune",4889
TXN00862,2024-03-29,06:37 AM,"Wakad, Pune",3707
TXN00863,2024-03-29,11:19 AM,"Wakad, Pune",2791
TXN00864,2024-03-29,04:54 PM,"Wakad, Pune",1077
TXN00865,2024-03-29,02:23 AM,"Wakad, Pune",4616
TXN00866,2024-03-29,04:25 AM,"Wakad, Pune",3978
TXN00867,2024-03-29,05:43 PM,"Wakad, Pune",4819
TXN00868,2024-03-29,03:11 AM,"Wakad, Pune",1202
TXN00869,2024-03-29,09:16 PM,"Wakad, Pune",3866
TXN00870,2024-03-29,07:26 AM,"Wakad, Pune",1144
TXN00871,2024-03-30,04:29 PM,"Kharadi, Pune",2484
TXN00872,2024-03-30,03:58 PM,"Kharadi, Pune",4412
TXN00873,2024-03-30,12:49 AM,"Kharadi, Pune",4233
TXN00874,2024-03-30,10:29 PM,"Kharadi, Pune",3167
TXN00875,2024-03-30,08:12 PM,"Kharadi, Pune",3173
TXN00876,2024-03-30,01:50 AM,"Kharadi, Pune",2043
TXN00877,2024-03-30,02:47 PM,"Kharadi, Pune",5080
TXN00878,2024-03-30,06:40 PM,"Kharadi, Pune",3190
TXN00879,2024-03-30,02:32 PM,"Kharadi, Pune",1850
TXN00880,2024-03-30,02:38 AM,"Kharadi, Pune",5142
TXN00881,2024-03-30,01:32 AM,"Kharadi, Pune",5047
TXN00882,2024-03-30,04:38 AM,"Kharadi, Pune",1410
TXN00883,2024-03-30,05:55 AM,"Kharadi, Pune",988
TXN00884,2024-03-30,02:54 AM,"Kharadi, Pune",4027
TXN00885,2024-03-30,11:59 AM,"Kharadi, Pune",2643
TXN00886,2024-03-30,05:13 PM,"Kharadi, Pune",3978
TXN00887,2024-03-30,08:04 AM,"Kharadi, Pune",3608
TXN00888,2024-03-30,08:56 AM,"Kharadi, Pune",4750
TXN00889,2024-03-30,09:03 PM,"Kharadi, Pune",4742
TXN00890,2024-03-30,08:18 AM,"Kharadi, Pune",3314
TXN00891,2024-03-30,05:02 AM,"Kharadi, Pune",5397
TXN00892,2024-03-30,10:47 PM,"Kharadi, Pune",5099
TXN00893,2024-03-30,12:25 PM,"Kharadi, Pune",4535
TXN00894,2024-03-30,12:16 AM,"Kharadi, Pune",3072
TXN00895,2024-03-30,08:25 PM,"Kharadi, Pune",1509
TXN00896,2024-03-30,11:43 AM,"Kharadi, Pune",3663
TXN00897,2024-03-30,12:26 PM,"Kharadi, Pune",3424
TXN00898,2024-03-30,10:17 PM,"Kharadi, Pune",3280
TXN00899,2024-03-30,09:05 AM,"Kharadi, Pune",1979
TXN00900,2024-03-30,10:20 PM,"Kharadi, Pune",3040
TXN00901,2024-03-31,12:02 AM,"Kothrud, Pune",2596
TXN00902,2024-03-31,06:36 PM,"Kothrud, Pune",1175
TXN00903,2024-03-31,12:49 AM,"Kothrud, Pune",4990
TXN00904,2024-03-31,04:18 AM,"Kothrud, Pune",5105
TXN00905,2024-03-31,07:25 PM,"Kothrud, Pune",5174
TXN00906,2024-03-31,01:55 PM,"Kothrud, Pune",5346
TXN00907,2024-03-31,05:13 PM,"Kothrud, Pune",1325
TXN00908,2024-03-31,01:22 AM,"Kothrud, Pune",1809
TXN00909,2024-03-31,03:01 PM,"Kothrud, Pune",4928
TXN00910,2024-03-31,05:29 PM,"Kothrud, Pune",3166
TXN00911,2024-03-31,05:18 PM,"Kothrud, Pune",5453
TXN00912,2024-03-31,09:25 AM,"Kothrud, Pune",3942
TXN00913,2024-03-31,11:17 AM,"Kothrud, Pune",4753
TXN00914,2024-03-31,05:59 AM,"Kothrud, Pune",4355
TXN00915,2024-03-31,12:28 PM,"Kothrud, Pune",4082
TXN00916,2024-03-31,11:34 AM,"Kothrud, Pune",4767
TXN00917,2024-03-31,11:41 AM,"Kothrud, Pune",2621
TXN00918,2024-03-31,06:47 PM,"Kothrud, Pune",4840
TXN00919,2024-03-31,03:31 AM,"Kothrud, Pune",2735
TXN00920,2024-03-31,12:51 PM,"Kothrud, Pune",2743
TXN00921,2024-03-31,11:15 PM,"Kothrud, Pune",4341
TXN00922,2024-03-31,11:20 PM,"Kothrud, Pune",1762
TXN00923,2024-03-31,06:04 AM,"Kothrud, Pune",4351
TXN00924,2024-03-31,02:06 PM,"Kothrud, Pune",4197
TXN00925,2024-03-31,08:37 PM,"Kothrud, Pune",2855
TXN00926,2024-03-31,11:52 PM,"Kothrud, Pune",1301
TXN00927,2024-03-31,08:04 PM,"Kothrud, Pune",3633
TXN00928,2024-03-31,04:15 PM,"Kothrud, Pune",1458
TXN00929,2024-03-31,02:27 PM,"Kothrud, Pune",2966
TXN00930,2024-03-31,02:49 AM,"Kothrud, Pune",3118
TXN00931,2024-04-01,10:22 AM,"Chinchwad, Pune",3343
TXN00932,2024-04-01,11:29 PM,"Chinchwad, Pune",2950
TXN00933,2024-04-01,10:35 AM,"Chinchwad, Pune",3040
TXN00934,2024-04-01,08:56 PM,"Chinchwad, Pune",3671
TXN00935,2024-04-01,12:10 AM,"Chinchwad, Pune",2048
TXN00936,2024-04-01,11:39 PM,"Chinchwad, Pune",2383
TXN00937,2024-04-01,10:57 PM,"Chinchwad, Pune",1708
TXN00938,2024-04-01,01:03 AM,"Chinchwad, Pune",2718
TXN00939,2024-04-01,10:08 PM,"Chinchwad, Pune",3949
TXN00940,2024-04-01,11:55 PM,"Chinchwad, Pune",3111
TXN00941,2024-04-01,05:52 PM,"Chinchwad, Pune",4887
TXN00942,2024-04-01,07:23 PM,"Chinchwad, Pune",3791
TXN00943,2024-04-01,01:10 AM,"Chinchwad, Pune",4191
TXN00944,2024-04-01,05:16 AM,"Chinchwad, Pune",2389
TXN00945,2024-04-01,03:20 AM,"Chinchwad, Pune",4854
TXN00946,2024-04-01,03:39 AM,"Chinchwad, Pune",2312
TXN00947,2024-04-01,02:13 PM,"Chinchwad, Pune",2537
TXN00948,2024-04-01,07:03 AM,"Chinchwad, Pune",4862
TXN00949,2024-04-01,07:20 PM,"Chinchwad, Pune",2098
TXN00950,2024-04-01,11:12 PM,"Chinchwad, Pune",1217
TXN00951,2024-04-01,01:11 AM,"Chinchwad, Pune",1939
TXN00952,2024-04-01,11:59 AM,"Chinchwad, Pune",3947
TXN00953,2024-04-01,09:40 AM,"Chinchwad, Pune",1421
TXN00954,2024-04-01,06:13 PM,"Chinchwad, Pune",3113
TXN00955,2024-04-01,07:16 PM,"Chinchwad, Pune",5094
TXN00956,2024-04-01,11:16 PM,"Chinchwad, Pune",5035
TXN00957,2024-04-01,08:05 PM,"Chinchwad, Pune",4521
TXN00958,2024-04-01,02:45 PM,"Chinchwad, Pune",2533
TXN00959,2024-04-01,08:15 PM,"Chinchwad, Pune",2489
TXN00960,2024-04-01,12:16 AM,"Chinchwad, Pune",3537
TXN00961,2024-04-02,07:31 AM,"Kothrud, Pune",3031
TXN00962,2024-04-02,08:59 AM,"Kothrud, Pune",4986
TXN00963,2024-04-02,11:04 PM,"Kothrud, Pune",1806
TXN00964,2024-04-02,08:17 AM,"Kothrud, Pune",3721
TXN00965,2024-04-02,03:37 AM,"Kothrud, Pune",1792
TXN00966,2024-04-02,11:33 AM,"Kothrud, Pune",3859
TXN00967,2024-04-02,04:46 AM,"Kothrud, Pune",4980
TXN00968,2024-04-02,07:50 PM,"Kothrud, Pune",3896
TXN00969,2024-04-02,07:46 PM,"Kothrud, Pune",3921
TXN00970,2024-04-02,11:03 AM,"Kothrud, Pune",1671
TXN00971,2024-04-02,05:17 PM,"Kothrud, Pune",4984
TXN00972,2024-04-02,07:54 PM,"Kothrud, Pune",5099
TXN00973,2024-04-02,10:52 PM,"Kothrud, Pune",1776
TXN00974,2024-04-02,07:18 PM,"Kothrud, Pune",1367
TXN00975,2024-04-02,10:42 AM,"Kothrud, Pune",4003
TXN00976,2024-04-02,08:58 AM,"Kothrud, Pune",4651
TXN00977,2024-04-02,09:52 PM,"Kothrud, Pune",3321
TXN00978,2024-04-02,11:56 AM,"Kothrud, Pune",3934
TXN00979,2024-04-02,10:21 AM,"Kothrud, Pune",3929
TXN00980,2024-04-02,01:34 PM,"Kothrud, Pune",5078
TXN00981,2024-04-02,11:55 AM,"Kothrud, Pune",4439
TXN00982,2024-04-02,10:49 PM,"Kothrud, Pune",2761
TXN00983,2024-04-02,11:08 AM,"Kothrud, Pune",1077
TXN00984,2024-04-02,01:40 AM,"Kothrud, Pune",887
TXN00985,2024-04-02,06:22 AM,"Kothrud, Pune",5169
TXN00986,2024-04-02,03:10 PM,"Kothrud, Pune",954
TXN00987,2024-04-02,04:28 AM,"Kothrud, Pune",5297
TXN00988,2024-04-02,10:25 AM,"Kothrud, Pune",4530
TXN00989,2024-04-02,06:33 PM,"Kothrud, Pune",3315
TXN00990,2024-04-02,01:46 PM,"Kothrud, Pune",2802
TXN00991,2024-04-03,05:14 PM,"Hinjewadi, Pune",5192
TXN00992,2024-04-03,10:35 AM,"Hinjewadi, Pune",3493
TXN00993,2024-04-03,07:24 PM,"Hinjewadi, Pune",1970
TXN00994,2024-04-03,04:24 PM,"Hinjewadi, Pune",2545
TXN00995,2024-04-03,09:09 AM,"Hinjewadi, Pune",3925
TXN00996,2024-04-03,05:32 PM,"Hinjewadi, Pune",2768
TXN00997,2024-04-03,01:21 PM,"Hinjewadi, Pune",1917
TXN00998,2024-04-03,11:12 AM,"Hinjewadi, Pune",3306
TXN00999,2024-04-03,03:58 PM,"Hinjewadi, Pune",2242
TXN01000,2024-04-03,04:46 PM,"Hinjewadi, Pune",2119
TXN01001,2024-04-03,02:38 AM,"Hinjewadi, Pune",1313
TXN01002,2024-04-03,11:08 PM,"Hinjewadi, Pune",3534
TXN01003,2024-04-03,12:34 AM,"Hinjewadi, Pune",3032
TXN01004,2024-04-03,10:57 PM,"Hinjewadi, Pune",2341
TXN01005,2024-04-03,11:42 PM,"Hinjewadi, Pune",1356
TXN01006,2024-04-03,01:32 PM,"Hinjewadi, Pune",2727
TXN01007,2024-04-03,10:52 AM,"Hinjewadi, Pune",2529
TXN01008,2024-04-03,07:51 AM,"Hinjewadi, Pune",3542
TXN01009,2024-04-03,12:48 AM,"Hinjewadi, Pune",940
TXN01010,2024-04-03,04:43 PM,"Hinjewadi, Pune",4081
TXN01011,2024-04-03,12:26 PM,"Hinjewadi, Pune",3740
TXN01012,2024-04-03,08:58 PM,"Hinjewadi, Pune",2234
TXN01013,2024-04-03,01:38 PM,"Hinjewadi, Pune",4674
TXN01014,2024-04-03,09:41 PM,"Hinjewadi, Pune",2147
TXN01015,2024-04-03,03:12 AM,"Hinjewadi, Pune",2782
TXN01016,2024-04-03,08:48 PM,"Hinjewadi, Pune",3550
TXN01017,2024-04-03,09:52 PM,"Hinjewadi, Pune",5458
TXN01018,2024-04-03,06:50 AM,"Hinjewadi, Pune",988
TXN01019,2024-04-03,05:24 PM,"Hinjewadi, Pune",1666
TXN01020,2024-04-03,04:45 AM,"Hinjewadi, Pune",2701
TXN01021,2024-04-04,12:04 PM,"Hadapsar, Pune",5412
TXN01022,2024-04-04,04:47 AM,"Hadapsar, Pune",4617
TXN01023,2024-04-04,04:22 AM,"Hadapsar, Pune",3377
TXN01024,2024-04-04,05:43 AM,"Hadapsar, Pune",1882
TXN01025,2024-04-04,04:16 PM,"Hadapsar, Pune",5331
TXN01026,2024-04-04,08:39 AM,"Hadapsar, Pune",5042
TXN01027,2024-04-04,10:10 PM,"Hadapsar, Pune",2996
TXN01028,2024-04-04,06:23 AM,"Hadapsar, Pune",3044
TXN01029,2024-04-04,04:42 AM,"Hadapsar, Pune",3782
TXN01030,2024-04-04,11:56 PM,"Hadapsar, Pune",1778
TXN01031,2024-04-04,11:52 PM,"Hadapsar, Pune",2929
TXN01032,2024-04-04,09:27 PM,"Hadapsar, Pune",2961
TXN01033,2024-04-04,04:48 PM,"Hadapsar, Pune",2693
TXN01034,2024-04-04,07:49 PM,"Hadapsar, Pune",3921
TXN01035,2024-04-04,08:46 AM,"Hadapsar, Pune",4684
TXN01036,2024-04-04,09:59 PM,"Hadapsar, Pune",2562
TXN01037,2024-04-04,09:09 AM,"Hadapsar, Pune",1874
TXN01038,2024-04-04,04:49 PM,"Hadapsar, Pune",2310
TXN01039,2024-04-04,03:45 PM,"Hadapsar, Pune",2561
TXN01040,2024-04-04,02:57 AM,"Hadapsar, Pune",4451
TXN01041,2024-04-04,03:11 AM,"Hadapsar, Pune",1038
TXN01042,2024-04-04,12:48 AM,"Hadapsar, Pune",4475
TXN01043,2024-04-04,07:39 AM,"Hadapsar, Pune",1145
TXN01044,2024-04-04,01:37 PM,"Hadapsar, Pune",5283
TXN01045,2024-04-04,12:53 PM,"Hadapsar, Pune",3814
TXN01046,2024-04-04,10:55 AM,"Hadapsar, Pune",3540
TXN01047,2024-04-04,01:34 PM,"Hadapsar, Pune",4081
TXN01048,2024-04-04,05:39 AM,"Hadapsar, Pune",4361
TXN01049,2024-04-04,08:49 AM,"Hadapsar, Pune",3503
TXN01050,2024-04-04,06:42 PM,"Hadapsar, Pune",3859
TXN01051,2024-04-05,06:36 PM,"Koregaon Park, Pune",2265
TXN01052,2024-04-05,05:05 PM,"Koregaon Park, Pune",3514
TXN01053,2024-04-05,02:12 PM,"Koregaon Park, Pune",3841
TXN01054,2024-04-05,12:13 PM,"Koregaon Park, Pune",928
TXN01055,2024-04-05,03:40 PM,"Koregaon Park, Pune",4659
TXN01056,2024-04-05,12:41 PM,"Koregaon Park, Pune",3152
TXN01057,2024-04-05,05:40 PM,"Koregaon Park, Pune",4752
TXN01058,2024-04-05,07:49 PM,"Koregaon Park, Pune",5226
TXN01059,2024-04-05,02:55 PM,"Koregaon Park, Pune",3530
TXN01060,2024-04-05,07:08 AM,"Koregaon Park, Pune",1337
TXN01061,2024-04-05,06:34 PM,"Koregaon Park, Pune",3190
TXN01062,2024-04-05,02:21 PM,"Koregaon Park, Pune",1538
TXN01063,2024-04-05,02:35 AM,"Koregaon Park, Pune",4574
TXN01064,2024-04-05,02:21 PM,"Koregaon Park, Pune",2619
TXN01065,2024-04-05,10:56 PM,"Koregaon Park, Pune",1039
TXN01066,2024-04-05,04:52 PM,"Koregaon Park, Pune",4556
TXN01067,2024-04-05,05:20 PM,"Koregaon Park, Pune",4043
TXN01068,2024-04-05,04:27 AM,"Koregaon Park, Pune",3637
TXN01069,2024-04-05,12:51 PM,"Koregaon Park, Pune",869
TXN01070,2024-04-05,05:11 PM,"Koregaon Park, Pune",3836
TXN01071,2024-04-05,03:36 PM,"Koregaon Park, Pune",3465
TXN01072,2024-04-05,09:00 AM,"Koregaon Park, Pune",1571
TXN01073,2024-04-05,08:21 AM,"Koregaon Park, Pune",1823
TXN01074,2024-04-05,12:13 PM,"Koregaon Park, Pune",5044
TXN01075,2024-04-05,03:50 AM,"Koregaon Park, Pune",4347
TXN01076,2024-04-05,04:33 PM,"Koregaon Park, Pune",4736
TXN01077,2024-04-05,11:18 PM,"Koregaon Park, Pune",2938
TXN01078,2024-04-05,04:36 AM,"Koregaon Park, Pune",5223
TXN01079,2024-04-05,03:20 PM,"Koregaon Park, Pune",4142
TXN01080,2024-04-05,07:22 AM,"Koregaon Park, Pune",5243
TXN01081,2024-04-06,06:44 PM,"Viman Nagar, Pune",3195
TXN01082,2024-04-06,07:37 AM,"Viman Nagar, Pune",2431
TXN01083,2024-04-06,10:46 PM,"Viman Nagar, Pune",1936
TXN01084,2024-04-06,06:09 PM,"Viman Nagar, Pune",2314
TXN01085,2024-04-06,01:55 AM,"Viman Nagar, Pune",5045
TXN01086,2024-04-06,11:41 PM,"Viman Nagar, Pune",2225
TXN01087,2024-04-06,03:29 AM,"Viman Nagar, Pune",2522
TXN01088,2024-04-06,05:17 PM,"Viman Nagar, Pune",4374
TXN01089,2024-04-06,01:17 AM,"Viman Nagar, Pune",3342
TXN01090,2024-04-06,03:31 PM,"Viman Nagar, Pune",2616
TXN01091,2024-04-06,11:05 AM,"Viman Nagar, Pune",3595
TXN01092,2024-04-06,04:12 AM,"Viman Nagar, Pune",1253
TXN01093,2024-04-06,06:27 PM,"Viman Nagar, Pune",3742
TXN01094,2024-04-06,04:01 PM,"Viman Nagar, Pune",5338
TXN01095,2024-04-06,12:25 AM,"Viman Nagar, Pune",4427
TXN01096,2024-04-06,04:45 PM,"Viman Nagar, Pune",5205
TXN01097,2024-04-06,10:12 PM,"Viman Nagar, Pune",5031
TXN01098,2024-04-06,12:35 PM,"Viman Nagar, Pune",2319
TXN01099,2024-04-06,09:30 PM,"Viman Nagar, Pune",1687
TXN01100,2024-04-06,10:12 AM,"Viman Nagar, Pune",1493
TXN01101,2024-04-06,12:29 PM,"Viman Nagar, Pune",5021
TXN01102,2024-04-06,09:48 PM,"Viman Nagar, Pune",2033
TXN01103,2024-04-06,09:33 AM,"Viman Nagar, Pune",3258
TXN01104,2024-04-06,06:34 AM,"Viman Nagar, Pune",3276
TXN01105,2024-04-06,09:00 PM,"Viman Nagar, Pune",4799
TXN01106,2024-04-06,04:16 PM,"Viman Nagar, Pune",4689
TXN01107,2024-04-06,06:30 AM,"Viman Nagar, Pune",973
TXN01108,2024-04-06,09:49 AM,"Viman Nagar, Pune",1031
TXN01109,2024-04-06,11:31 AM,"Viman Nagar, Pune",3491
TXN01110,2024-04-06,07:09 AM,"Viman Nagar, Pune",4128
TXN01111,2024-04-07,11:45 AM,"Wakad, Pune",2931
TXN01112,2024-04-07,06:28 PM,"Wakad, Pune",1541
TXN01113,2024-04-07,08:34 AM,"Wakad, Pune",4028
TXN01114,2024-04-07,04:41 PM,"Wakad, Pune",1953
TXN01115,2024-04-07,02:38 AM,"Wakad, Pune",2031
TXN01116,2024-04-07,06:09 AM,"Wakad, Pune",3811
TXN01117,2024-04-07,09:16 PM,"Wakad, Pune",4738
TXN01118,2024-04-07,04:03 AM,"Wakad, Pune",1954
TXN01119,2024-04-07,07:49 PM,"Wakad, Pune",4873
TXN01120,2024-04-07,07:32 AM,"Wakad, Pune",3156
TXN01121,2024-04-07,10:19 PM,"Wakad, Pune",3186
TXN01122,2024-04-07,11:24 PM,"Wakad, Pune",5381
TXN01123,2024-04-07,06:41 PM,"Wakad, Pune",2308
TXN01124,2024-04-07,10:10 PM,"Wakad, Pune",2728
TXN01125,2024-04-07,07:23 AM,"Wakad, Pune",2533
TXN01126,2024-04-07,12:34 PM,"Wakad, Pune",2149
TXN01127,2024-04-07,10:37 AM,"Wakad, Pune",3091
TXN01128,2024-04-07,09:20 PM,"Wakad, Pune",4097
TXN01129,2024-04-07,01:21 PM,"Wakad, Pune",4388
TXN01130,2024-04-07,03:27 AM,"Wakad, Pune",1650
TXN01131,2024-04-07,07:04 PM,"Wakad, Pune",1445
TXN01132,2024-04-07,11:55 PM,"Wakad, Pune",1217
TXN01133,2024-04-07,10:11 PM,"Wakad, Pune",1168
TXN01134,2024-04-07,02:09 AM,"Wakad, Pune",2885
TXN01135,2024-04-07,05:51 AM,"Wakad, Pune",5491
TXN01136,2024-04-07,05:05 PM,"Wakad, Pune",1936
TXN01137,2024-04-07,08:26 AM,"Wakad, Pune",3159
TXN01138,2024-04-07,06:29 PM,"Wakad, Pune",3392
TXN01139,2024-04-07,01:35 PM,"Wakad, Pune",3896
TXN01140,2024-04-07,08:19 PM,"Wakad, Pune",998
TXN01141,2024-04-08,11:37 AM,"Wakad, Pune",3106
TXN01142,2024-04-08,03:36 AM,"Wakad, Pune",3185
TXN01143,2024-04-08,02:23 AM,"Wakad, Pune",1735
TXN01144,2024-04-08,04:12 AM,"Wakad, Pune",4762
TXN01145,2024-04-08,10:10 PM,"Wakad, Pune",4330
TXN01146,2024-04-08,08:51 AM,"Wakad, Pune",2270
TXN01147,2024-04-08,04:11 PM,"Wakad, Pune",1755
TXN01148,2024-04-08,10:55 AM,"Wakad, Pune",5254
TXN01149,2024-04-08,11:36 PM,"Wakad, Pune",923
TXN01150,2024-04-08,09:53 AM,"Wakad, Pune",2801
TXN01151,2024-04-08,08:49 AM,"Wakad, Pune",1469
TXN01152,2024-04-08,08:23 AM,"Wakad, Pune",1189
TXN01153,2024-04-08,09:53 PM,"Wakad, Pune",2982
TXN01154,2024-04-08,12:26 AM,"Wakad, Pune",2429
TXN01155,2024-04-08,07:40 PM,"Wakad, Pune",2548
TXN01156,2024-04-08,12:25 AM,"Wakad, Pune",4666
TXN01157,2024-04-08,08:19 PM,"Wakad, Pune",4018
TXN01158,2024-04-08,02:59 AM,"Wakad, Pune",1925
TXN01159,2024-04-08,05:12 PM,"Wakad, Pune",1608
TXN01160,2024-04-08,01:56 PM,"Wakad, Pune",2516
TXN01161,2024-04-08,05:24 AM,"Wakad, Pune",908
TXN01162,2024-04-08,10:15 PM,"Wakad, Pune",4343
TXN01163,2024-04-08,03:50 AM,"Wakad, Pune",4703
TXN01164,2024-04-08,12:07 AM,"Wakad, Pune",3630
TXN01165,2024-04-08,04:40 AM,"Wakad, Pune",4143
TXN01166,2024-04-08,07:27 PM,"Wakad, Pune",3142
TXN01167,2024-04-08,11:48 AM,"Wakad, Pune",1603
TXN01168,2024-04-08,12:40 PM,"Wakad, Pune",2416
TXN01169,2024-04-08,08:18 PM,"Wakad, Pune",3417
TXN01170,2024-04-08,12:32 AM,"Wakad, Pune",3569
TXN01171,2024-04-09,08:43 AM,"Hinjewadi, Pune",1244
TXN01172,2024-04-09,12:20 PM,"Hinjewadi, Pune",2375
TXN01173,2024-04-09,01:51 AM,"Hinjewadi, Pune",5444
TXN01174,2024-04-09,11:01 PM,"Hinjewadi, Pune",2284
TXN01175,2024-04-09,05:18 PM,"Hinjewadi, Pune",3187
TXN01176,2024-04-09,11:45 PM,"Hinjewadi, Pune",2662
TXN01177,2024-04-09,08:54 AM,"Hinjewadi, Pune",1806
TXN01178,2024-04-09,11:13 AM,"Hinjewadi, Pune",1809
TXN01179,2024-04-09,06:56 PM,"Hinjewadi, Pune",5308
TXN01180,2024-04-09,10:41 AM,"Hinjewadi, Pune",4184
TXN01181,2024-04-09,07:19 PM,"Hinjewadi, Pune",1822
TXN01182,2024-04-09,03:30 PM,"Hinjewadi, Pune",4623
TXN01183,2024-04-09,12:09 PM,"Hinjewadi, Pune",3650
TXN01184,2024-04-09,01:49 PM,"Hinjewadi, Pune",4596
TXN01185,2024-04-09,03:11 PM,"Hinjewadi, Pune",5326
TXN01186,2024-04-09,02:58 AM,"Hinjewadi, Pune",1003
TXN01187,2024-04-09,02:51 AM,"Hinjewadi, Pune",3001
TXN01188,2024-04-09,05:30 PM,"Hinjewadi, Pune",4572
TXN01189,2024-04-09,09:02 AM,"Hinjewadi, Pune",1800
TXN01190,2024-04-09,01:32 PM,"Hinjewadi, Pune",2109
TXN01191,2024-04-09,03:46 AM,"Hinjewadi, Pune",920
TXN01192,2024-04-09,04:20 PM,"Hinjewadi, Pune",5365
TXN01193,2024-04-09,03:51 AM,"Hinjewadi, Pune",3391
TXN01194,2024-04-09,10:22 AM,"Hinjewadi, Pune",2466
TXN01195,2024-04-09,10:17 PM,"Hinjewadi, Pune",2772
TXN01196,2024-04-09,11:14 PM,"Hinjewadi, Pune",977
TXN01197,2024-04-09,10:23 AM,"Hinjewadi, Pune",4656
TXN01198,2024-04-09,04:13 PM,"Hinjewadi, Pune",1681
TXN01199,2024-04-09,08:41 AM,"Hinjewadi, Pune",4590
TXN01200,2024-04-09,04:08 PM,"Hinjewadi, Pune",830
TXN01201,2024-04-10,06:02 PM,"Hadapsar, Pune",2464
TXN01202,2024-04-10,10:23 AM,"Hadapsar, Pune",4634
TXN01203,2024-04-10,04:14 AM,"Hadapsar, Pune",5273
TXN01204,2024-04-10,03:21 AM,"Hadapsar, Pune",4930
TXN01205,2024-04-10,10:22 AM,"Hadapsar, Pune",3107
TXN01206,2024-04-10,08:49 AM,"Hadapsar, Pune",2526
TXN01207,2024-04-10,06:49 PM,"Hadapsar, Pune",1548
TXN01208,2024-04-10,10:26 AM,"Hadapsar, Pune",4995
TXN01209,2024-04-10,12:58 PM,"Hadapsar, Pune",1144
TXN01210,2024-04-10,11:12 AM,"Hadapsar, Pune",3595
TXN01211,2024-04-10,07:40 AM,"Hadapsar, Pune",1637
TXN01212,2024-04-10,11:29 PM,"Hadapsar, Pune",5247
TXN01213,2024-04-10,06:47 AM,"Hadapsar, Pune",2515
TXN01214,2024-04-10,08:39 AM,"Hadapsar, Pune",1534
TXN01215,2024-04-10,01:09 PM,"Hadapsar, Pune",3578
TXN01216,2024-04-10,06:02 PM,"Hadapsar, Pune",2924
TXN01217,2024-04-10,04:23 AM,"Hadapsar, Pune",5047
TXN01218,2024-04-10,12:03 PM,"Hadapsar, Pune",5415
TXN01219,2024-04-10,01:54 AM,"Hadapsar, Pune",5343
TXN01220,2024-04-10,09:45 AM,"Hadapsar, Pune",2630
TXN01221,2024-04-10,04:46 PM,"Hadapsar, Pune",1097
TXN01222,2024-04-10,09:32 AM,"Hadapsar, Pune",4540
TXN01223,2024-04-10,11:51 AM,"Hadapsar, Pune",1427
TXN01224,2024-04-10,09:37 AM,"Hadapsar, Pune",1267
TXN01225,2024-04-10,10:05 PM,"Hadapsar, Pune",4180
TXN01226,2024-04-10,03:25 AM,"Hadapsar, Pune",5068
TXN01227,2024-04-10,09:15 PM,"Hadapsar, Pune",860
TXN01228,2024-04-10,10:31 PM,"Hadapsar, Pune",3385
TXN01229,2024-04-10,09:48 AM,"Hadapsar, Pune",2341
TXN01230,2024-04-10,03:25 AM,"Hadapsar, Pune",3988
TXN01231,2024-04-11,06:27 AM,"Aundh, Pune",3548
TXN01232,2024-04-11,12:52 PM,"Aundh, Pune",1053
TXN01233,2024-04-11,06:58 AM,"Aundh, Pune",4850
TXN01234,2024-04-11,05:17 AM,"Aundh, Pune",920
TXN01235,2024-04-11,02:45 AM,"Aundh, Pune",1123
TXN01236,2024-04-11,02:04 AM,"Aundh, Pune",5447
TXN01237,2024-04-11,05:48 AM,"Aundh, Pune",2289
TXN01238,2024-04-11,06:34 PM,"Aundh, Pune",1137
TXN01239,2024-04-11,04:08 PM,"Aundh, Pune",3017
TXN01240,2024-04-11,07:23 PM,"Aundh, Pune",4320
TXN01241,2024-04-11,05:07 AM,"Aundh, Pune",1729
TXN01242,2024-04-11,04:25 PM,"Aundh, Pune",2858
TXN01243,2024-04-11,06:18 AM,"Aundh, Pune",2048
TXN01244,2024-04-11,08:08 PM,"Aundh, Pune",1656
TXN01245,2024-04-11,01:43 AM,"Aundh, Pune",3670
TXN01246,2024-04-11,07:51 PM,"Aundh, Pune",4949
TXN01247,2024-04-11,01:49 PM,"Aundh, Pune",1492
TXN01248,2024-04-11,10:34 PM,"Aundh, Pune",1704
TXN01249,2024-04-11,12:10 PM,"Aundh, Pune",869
TXN01250,2024-04-11,06:05 AM,"Aundh, Pune",1633
TXN01251,2024-04-11,02:29 AM,"Aundh, Pune",2555
TXN01252,2024-04-11,09:56 AM,"Aundh, Pune",3237
TXN01253,2024-04-11,05:34 AM,"Aundh, Pune",4047
TXN01254,2024-04-11,01:22 AM,"Aundh, Pune",2419
TXN01255,2024-04-11,03:00 PM,"Aundh, Pune",5124
TXN01256,2024-04-11,06:33 AM,"Aundh, Pune",4689
TXN01257,2024-04-11,05:20 PM,"Aundh, Pune",2154
TXN01258,2024-04-11,10:36 PM,"Aundh, Pune",2776
TXN01259,2024-04-11,08:24 PM,"Aundh, Pune",1749
TXN01260,2024-04-11,02:16 AM,"Aundh, Pune",1508
TXN01261,2024-04-12,12:16 PM,"Katraj, Pune",1984
TXN01262,2024-04-12,08:47 PM,"Katraj, Pune",4514
TXN01263,2024-04-12,02:16 PM,"Katraj, Pune",4863
TXN01264,2024-04-12,10:16 AM,"Katraj, Pune",5030
TXN01265,2024-04-12,09:51 AM,"Katraj, Pune",3233
TXN01266,2024-04-12,04:44 PM,"Katraj, Pune",5099
TXN01267,2024-04-12,06:48 AM,"Katraj, Pune",2823
TXN01268,2024-04-12,03:54 PM,"Katraj, Pune",2332
TXN01269,2024-04-12,01:07 PM,"Katraj, Pune",4102
TXN01270,2024-04-12,11:54 PM,"Katraj, Pune",2564
TXN01271,2024-04-12,12:19 AM,"Katraj, Pune",4718
TXN01272,2024-04-12,11:47 PM,"Katraj, Pune",5015
TXN01273,2024-04-12,05:34 PM,"Katraj, Pune",2811
TXN01274,2024-04-12,04:57 PM,"Katraj, Pune",1861
TXN01275,2024-04-12,09:27 AM,"Katraj, Pune",2029
TXN01276,2024-04-12,09:04 PM,"Katraj, Pune",5407
TXN01277,2024-04-12,09:20 PM,"Katraj, Pune",5178
TXN01278,2024-04-12,05:00 AM,"Katraj, Pune",850
TXN01279,2024-04-12,06:24 AM,"Katraj, Pune",3340
TXN01280,2024-04-12,05:34 PM,"Katraj, Pune",3629
TXN01281,2024-04-12,06:41 AM,"Katraj, Pune",1510
TXN01282,2024-04-12,04:51 AM,"Katraj, Pune",5153
TXN01283,2024-04-12,12:25 AM,"Katraj, Pune",5006
TXN01284,2024-04-12,05:07 PM,"Katraj, Pune",2486
TXN01285,2024-04-12,01:04 AM,"Katraj, Pune",5012
TXN01286,2024-04-12,07:54 PM,"Katraj, Pune",1250
TXN01287,2024-04-12,09:41 AM,"Katraj, Pune",1918
TXN01288,2024-04-12,02:26 PM,"Katraj, Pune",5058
TXN01289,2024-04-12,05:20 AM,"Katraj, Pune",5374
TXN01290,2024-04-12,06:51 PM,"Katraj, Pune",1572
TXN01291,2024-04-13,02:11 AM,"Katraj, Pune",3855
TXN01292,2024-04-13,04:30 AM,"Katraj, Pune",5488
TXN01293,2024-04-13,11:42 PM,"Katraj, Pune",3195
TXN01294,2024-04-13,02:02 PM,"Katraj, Pune",2255
TXN01295,2024-04-13,07:47 PM,"Katraj, Pune",1947
TXN01296,2024-04-13,09:30 PM,"Katraj, Pune",1200
TXN01297,2024-04-13,12:04 AM,"Katraj, Pune",3699
TXN01298,2024-04-13,05:33 AM,"Katraj, Pune",3055
TXN01299,2024-04-13,04:26 PM,"Katraj, Pune",894
TXN01300,2024-04-13,12:11 AM,"Katraj, Pune",4040
TXN01301,2024-04-13,02:50 PM,"Katraj, Pune",4340
TXN01302,2024-04-13,04:14 AM,"Katraj, Pune",5399
TXN01303,2024-04-13,12:21 PM,"Katraj, Pune",1743
TXN01304,2024-04-13,06:06 AM,"Katraj, Pune",1602
TXN01305,2024-04-13,06:08 PM,"Katraj, Pune",4593
TXN01306,2024-04-13,09:39 PM,"Katraj, Pune",4471
TXN01307,2024-04-13,06:26 PM,"Katraj, Pune",4403
TXN01308,2024-04-13,05:19 PM,"Katraj, Pune",1274
TXN01309,2024-04-13,12:43 PM,"Katraj, Pune",5438
TXN01310,2024-04-13,12:51 PM,"Katraj, Pune",5085
TXN01311,2024-04-13,01:36 AM,"Katraj, Pune",2346
TXN01312,2024-04-13,09:54 PM,"Katraj, Pune",1632
TXN01313,2024-04-13,03:03 AM,"Katraj, Pune",5129
TXN01314,2024-04-13,05:57 AM,"Katraj, Pune",1208
TXN01315,2024-04-13,01:35 AM,"Katraj, Pune",4254
TXN01316,2024-04-13,11:42 PM,"Katraj, Pune",2495
TXN01317,2024-04-13,08:29 AM,"Katraj, Pune",1509
TXN01318,2024-04-13,04:52 PM,"Katraj, Pune",4913
TXN01319,2024-04-13,03:14 PM,"Katraj, Pune",2995
TXN01320,2024-04-13,06:31 AM,"Katraj, Pune",5115
TXN01321,2024-04-14,06:16 AM,"Kothrud, Pune",4941
TXN01322,2024-04-14,05:24 PM,"Kothrud, Pune",4359
TXN01323,2024-04-14,11:00 AM,"Kothrud, Pune",1063
TXN01324,2024-04-14,10:53 PM,"Kothrud, Pune",3732
TXN01325,2024-04-14,05:58 PM,"Kothrud, Pune",1422
TXN01326,2024-04-14,09:40 PM,"Kothrud, Pune",841
TXN01327,2024-04-14,08:06 AM,"Kothrud, Pune",2457
TXN01328,2024-04-14,12:24 PM,"Kothrud, Pune",4203
TXN01329,2024-04-14,11:50 PM,"Kothrud, Pune",1806
TXN01330,2024-04-14,05:36 AM,"Kothrud, Pune",2751
TXN01331,2024-04-14,12:17 AM,"Kothrud, Pune",4608
TXN01332,2024-04-14,08:31 PM,"Kothrud, Pune",4977
TXN01333,2024-04-14,11:59 PM,"Kothrud, Pune",2559
TXN01334,2024-04-14,09:45 PM,"Kothrud, Pune",2421
TXN01335,2024-04-14,02:37 AM,"Kothrud, Pune",3210
TXN01336,2024-04-14,10:04 PM,"Kothrud, Pune",3026
TXN01337,2024-04-14,04:11 AM,"Kothrud, Pune",5218
TXN01338,2024-04-14,02:41 PM,"Kothrud, Pune",4429
TXN01339,2024-04-14,11:28 AM,"Kothrud, Pune",5457
TXN01340,2024-04-14,02:20 PM,"Kothrud, Pune",5225
TXN01341,2024-04-14,06:32 AM,"Kothrud, Pune",2537
TXN01342,2024-04-14,10:14 AM,"Kothrud, Pune",2031
TXN01343,2024-04-14,03:03 PM,"Kothrud, Pune",1342
TXN01344,2024-04-14,09:50 AM,"Kothrud, Pune",5231
TXN01345,2024-04-14,12:48 PM,"Kothrud, Pune",3282
TXN01346,2024-04-14,02:24 PM,"Kothrud, Pune",2624
TXN01347,2024-04-14,07:43 PM,"Kothrud, Pune",1146
TXN01348,2024-04-14,02:24 PM,"Kothrud, Pune",3301
TXN01349,2024-04-14,03:10 AM,"Kothrud, Pune",4534
TXN01350,2024-04-14,08:15 PM,"Kothrud, Pune",5200
TXN01351,2024-04-15,03:05 AM,"Chinchwad, Pune",834
TXN01352,2024-04-15,08:36 AM,"Chinchwad, Pune",2565
TXN01353,2024-04-15,12:51 AM,"Chinchwad, Pune",1231
TXN01354,2024-04-15,02:14 AM,"Chinchwad, Pune",2583
TXN01355,2024-04-15,06:28 AM,"Chinchwad, Pune",1376
TXN01356,2024-04-15,09:03 AM,"Chinchwad, Pune",4749
TXN01357,2024-04-15,08:35 AM,"Chinchwad, Pune",2383
TXN01358,2024-04-15,09:37 AM,"Chinchwad, Pune",4129
TXN01359,2024-04-15,03:26 PM,"Chinchwad, Pune",4796
TXN01360,2024-04-15,03:34 AM,"Chinchwad, Pune",858
TXN01361,2024-04-15,04:18 AM,"Chinchwad, Pune",2129
TXN01362,2024-04-15,08:26 AM,"Chinchwad, Pune",3340
TXN01363,2024-04-15,12:19 PM,"Chinchwad, Pune",4190
TXN01364,2024-04-15,12:02 PM,"Chinchwad, Pune",3926
TXN01365,2024-04-15,12:20 PM,"Chinchwad, Pune",4502
TXN01366,2024-04-15,08:54 PM,"Chinchwad, Pune",5483
TXN01367,2024-04-15,10:40 AM,"Chinchwad, Pune",1469
TXN01368,2024-04-15,09:11 AM,"Chinchwad, Pune",2579
TXN01369,2024-04-15,12:15 PM,"Chinchwad, Pune",5282
TXN01370,2024-04-15,06:58 AM,"Chinchwad, Pune",4742
TXN01371,2024-04-15,06:11 PM,"Chinchwad, Pune",3266
TXN01372,2024-04-15,05:20 AM,"Chinchwad, Pune",4871
TXN01373,2024-04-15,10:50 AM,"Chinchwad, Pune",5187
TXN01374,2024-04-15,05:23 PM,"Chinchwad, Pune",2603
TXN01375,2024-04-15,07:27 AM,"Chinchwad, Pune",4473
TXN01376,2024-04-15,06:35 PM,"Chinchwad, Pune",4808
TXN01377,2024-04-15,08:24 PM,"Chinchwad, Pune",5439
TXN01378,2024-04-15,08:18 PM,"Chinchwad, Pune",5005
TXN01379,2024-04-15,04:19 AM,"Chinchwad, Pune",4795
TXN01380,2024-04-15,08:52 AM,"Chinchwad, Pune",1103
TXN01381,2024-04-16,02:49 AM,"Wakad, Pune",823
TXN01382,2024-04-16,03:44 PM,"Wakad, Pune",2319
TXN01383,2024-04-16,04:25 PM,"Wakad, Pune",952
TXN01384,2024-04-16,03:08 PM,"Wakad, Pune",3002
TXN01385,2024-04-16,04:55 PM,"Wakad, Pune",3011
TXN01386,2024-04-16,09:32 PM,"Wakad, Pune",2117
TXN01387,2024-04-16,10:58 PM,"Wakad, Pune",3894
TXN01388,2024-04-16,02:16 PM,"Wakad, Pune",1141
TXN01389,2024-04-16,06:52 AM,"Wakad, Pune",943
TXN01390,2024-04-16,03:39 PM,"Wakad, Pune",2332
TXN01391,2024-04-16,08:36 AM,"Wakad, Pune",5055
TXN01392,2024-04-16,08:42 PM,"Wakad, Pune",4645
TXN01393,2024-04-16,02:18 PM,"Wakad, Pune",4203
TXN01394,2024-04-16,07:38 AM,"Wakad, Pune",1540
TXN01395,2024-04-16,02:57 AM,"Wakad, Pune",3200
TXN01396,2024-04-16,12:13 PM,"Wakad, Pune",1707
TXN01397,2024-04-16,06:37 AM,"Wakad, Pune",2279
TXN01398,2024-04-16,09:19 AM,"Wakad, Pune",1470
TXN01399,2024-04-16,08:27 PM,"Wakad, Pune",1524
TXN01400,2024-04-16,11:25 PM,"Wakad, Pune",5381
TXN01401,2024-04-16,02:54 PM,"Wakad, Pune",3208
TXN01402,2024-04-16,08:50 AM,"Wakad, Pune",2957
TXN01403,2024-04-16,12:53 PM,"Wakad, Pune",4632
TXN01404,2024-04-16,12:26 PM,"Wakad, Pune",5086
TXN01405,2024-04-16,06:12 AM,"Wakad, Pune",4267
TXN01406,2024-04-16,08:55 PM,"Wakad, Pune",3730
TXN01407,2024-04-16,10:59 AM,"Wakad, Pune",4188
TXN01408,2024-04-16,12:02 AM,"Wakad, Pune",3073
TXN01409,2024-04-16,11:46 AM,"Wakad, Pune",3570
TXN01410,2024-04-16,01:12 PM,"Wakad, Pune",3160
TXN01411,2024-04-17,10:24 PM,"Shivaji Nagar, Pune",4055
TXN01412,2024-04-17,01:39 PM,"Shivaji Nagar, Pune",2894
TXN01413,2024-04-17,02:57 AM,"Shivaji Nagar, Pune",4177
TXN01414,2024-04-17,02:34 PM,"Shivaji Nagar, Pune",4065
TXN01415,2024-04-17,11:27 AM,"Shivaji Nagar, Pune",4091
TXN01416,2024-04-17,07:16 AM,"Shivaji Nagar, Pune",1970
TXN01417,2024-04-17,05:34 AM,"Shivaji Nagar, Pune",3921
TXN01418,2024-04-17,03:23 PM,"Shivaji Nagar, Pune",4992
TXN01419,2024-04-17,07:27 AM,"Shivaji Nagar, Pune",5471
TXN01420,2024-04-17,08:06 AM,"Shivaji Nagar, Pune",3180
TXN01421,2024-04-17,04:00 PM,"Shivaji Nagar, Pune",4816
TXN01422,2024-04-17,11:57 PM,"Shivaji Nagar, Pune",2984
TXN01423,2024-04-17,12:53 PM,"Shivaji Nagar, Pune",5473
TXN01424,2024-04-17,03:01 PM,"Shivaji Nagar, Pune",5280
TXN01425,2024-04-17,03:59 AM,"Shivaji Nagar, Pune",3217
TXN01426,2024-04-17,08:28 AM,"Shivaji Nagar, Pune",5170
TXN01427,2024-04-17,08:42 PM,"Shivaji Nagar, Pune",4899
TXN01428,2024-04-17,01:05 PM,"Shivaji Nagar, Pune",1511
TXN01429,2024-04-17,07:35 PM,"Shivaji Nagar, Pune",2628
TXN01430,2024-04-17,08:25 AM,"Shivaji Nagar, Pune",4448
TXN01431,2024-04-17,03:51 AM,"Shivaji Nagar, Pune",1205
TXN01432,2024-04-17,06:56 PM,"Shivaji Nagar, Pune",1051
TXN01433,2024-04-17,05:51 PM,"Shivaji Nagar, Pune",2166
TXN01434,2024-04-17,10:10 PM,"Shivaji Nagar, Pune",3987
TXN01435,2024-04-17,07:06 PM,"Shivaji Nagar, Pune",1785
TXN01436,2024-04-17,04:57 PM,"Shivaji Nagar, Pune",3965
TXN01437,2024-04-17,08:05 AM,"Shivaji Nagar, Pune",972
TXN01438,2024-04-17,04:14 PM,"Shivaji Nagar, Pune",1809
TXN01439,2024-04-17,02:55 PM,"Shivaji Nagar, Pune",2412
TXN01440,2024-04-17,02:21 PM,"Shivaji Nagar, Pune",2679
TXN01441,2024-04-18,07:27 AM,"Shivaji Nagar, Pune",5295
TXN01442,2024-04-18,05:30 AM,"Shivaji Nagar, Pune",4486
TXN01443,2024-04-18,06:16 PM,"Shivaji Nagar, Pune",3332
TXN01444,2024-04-18,03:50 PM,"Shivaji Nagar, Pune",4921
TXN01445,2024-04-18,03:02 PM,"Shivaji Nagar, Pune",5217
TXN01446,2024-04-18,04:34 PM,"Shivaji Nagar, Pune",4021
TXN01447,2024-04-18,06:51 PM,"Shivaji Nagar, Pune",1330
TXN01448,2024-04-18,10:43 AM,"Shivaji Nagar, Pune",4142
TXN01449,2024-04-18,01:52 PM,"Shivaji Nagar, Pune",932
TXN01450,2024-04-18,03:52 PM,"Shivaji Nagar, Pune",1377
TXN01451,2024-04-18,03:24 PM,"Shivaji Nagar, Pune",2475
TXN01452,2024-04-18,12:22 AM,"Shivaji Nagar, Pune",5122
TXN01453,2024-04-18,08:53 PM,"Shivaji Nagar, Pune",2402
TXN01454,2024-04-18,10:47 PM,"Shivaji Nagar, Pune",3054
TXN01455,2024-04-18,07:33 PM,"Shivaji Nagar, Pune",2367
TXN01456,2024-04-18,09:03 PM,"Shivaji Nagar, Pune",1823
TXN01457,2024-04-18,07:37 AM,"Shivaji Nagar, Pune",2671
TXN01458,2024-04-18,08:55 PM,"Shivaji Nagar, Pune",4550
TXN01459,2024-04-18,03:01 AM,"Shivaji Nagar, Pune",5226
TXN01460,2024-04-18,10:45 PM,"Shivaji Nagar, Pune",3830
TXN01461,2024-04-18,04:05 AM,"Shivaji Nagar, Pune",5111
TXN01462,2024-04-18,04:54 PM,"Shivaji Nagar, Pune",4432
TXN01463,2024-04-18,01:09 PM,"Shivaji Nagar, Pune",4801
TXN01464,2024-04-18,12:24 AM,"Shivaji Nagar, Pune",2116
TXN01465,2024-04-18,08:29 AM,"Shivaji Nagar, Pune",1691
TXN01466,2024-04-18,07:57 AM,"Shivaji Nagar, Pune",2472
TXN01467,2024-04-18,01:34 PM,"Shivaji Nagar, Pune",999
TXN01468,2024-04-18,09:59 AM,"Shivaji Nagar, Pune",4812
TXN01469,2024-04-18,11:01 AM,"Shivaji Nagar, Pune",4769
TXN01470,2024-04-18,06:11 PM,"Shivaji Nagar, Pune",1207
TXN01471,2024-04-19,07:52 PM,"Swargate, Pune",3169
TXN01472,2024-04-19,07:35 AM,"Swargate, Pune",4838
TXN01473,2024-04-19,11:20 PM,"Swargate, Pune",4228
TXN01474,2024-04-19,11:46 PM,"Swargate, Pune",2714
TXN01475,2024-04-19,07:51 PM,"Swargate, Pune",2785
TXN01476,2024-04-19,05:03 PM,"Swargate, Pune",4236
TXN01477,2024-04-19,06:15 AM,"Swargate, Pune",1343
TXN01478,2024-04-19,08:04 PM,"Swargate, Pune",3470
TXN01479,2024-04-19,07:27 AM,"Swargate, Pune",2614
TXN01480,2024-04-19,12:14 AM,"Swargate, Pune",916
TXN01481,2024-04-19,07:35 PM,"Swargate, Pune",4855
TXN01482,2024-04-19,08:20 PM,"Swargate, Pune",1153
TXN01483,2024-04-19,02:46 AM,"Swargate, Pune",1135
TXN01484,2024-04-19,10:12 AM,"Swargate, Pune",1645
TXN01485,2024-04-19,03:38 PM,"Swargate, Pune",2448
TXN01486,2024-04-19,10:54 PM,"Swargate, Pune",1468
TXN01487,2024-04-19,09:06 PM,"Swargate, Pune",3013
TXN01488,2024-04-19,03:10 PM,"Swargate, Pune",1071
TXN01489,2024-04-19,11:54 AM,"Swargate, Pune",3473
TXN01490,2024-04-19,02:48 PM,"Swargate, Pune",5398
TXN01491,2024-04-19,07:47 AM,"Swargate, Pune",4499
TXN01492,2024-04-19,12:39 PM,"Swargate, Pune",5385
TXN01493,2024-04-19,04:10 PM,"Swargate, Pune",2550
TXN01494,2024-04-19,04:07 PM,"Swargate, Pune",1590
TXN01495,2024-04-19,09:18 AM,"Swargate, Pune",3698
TXN01496,2024-04-19,04:07 AM,"Swargate, Pune",1867
TXN01497,2024-04-19,06:05 AM,"Swargate, Pune",4764
TXN01498,2024-04-19,04:12 AM,"Swargate, Pune",4975
TXN01499,2024-04-19,12:22 AM,"Swargate, Pune",1339
TXN01500,2024-04-19,09:06 AM,"Swargate, Pune",2004
TXN01501,2024-04-20,05:38 PM,"Swargate, Pune",2759
TXN01502,2024-04-20,03:30 AM,"Swargate, Pune",5002
TXN01503,2024-04-20,07:15 PM,"Swargate, Pune",2698
TXN01504,2024-04-20,03:26 AM,"Swargate, Pune",3302
TXN01505,2024-04-20,05:36 AM,"Swargate, Pune",1141
TXN01506,2024-04-20,09:53 PM,"Swargate, Pune",5041
TXN01507,2024-04-20,07:43 PM,"Swargate, Pune",1636
TXN01508,2024-04-20,11:25 PM,"Swargate, Pune",940
TXN01509,2024-04-20,08:50 PM,"Swargate, Pune",4619
TXN01510,2024-04-20,09:45 AM,"Swargate, Pune",1380
TXN01511,2024-04-20,03:26 AM,"Swargate, Pune",3726
TXN01512,2024-04-20,09:22 AM,"Swargate, Pune",3304
TXN01513,2024-04-20,12:03 PM,"Swargate, Pune",1394
TXN01514,2024-04-20,02:12 PM,"Swargate, Pune",3539
TXN01515,2024-04-20,05:45 PM,"Swargate, Pune",5371
TXN01516,2024-04-20,04:24 AM,"Swargate, Pune",3397
TXN01517,2024-04-20,11:35 AM,"Swargate, Pune",2586
TXN01518,2024-04-20,05:35 PM,"Swargate, Pune",3100
TXN01519,2024-04-20,05:34 PM,"Swargate, Pune",4368
TXN01520,2024-04-20,07:39 AM,"Swargate, Pune",2419
TXN01521,2024-04-20,02:13 PM,"Swargate, Pune",1773
TXN01522,2024-04-20,07:08 PM,"Swargate, Pune",1569
TXN01523,2024-04-20,11:29 PM,"Swargate, Pune",5410
TXN01524,2024-04-20,07:10 PM,"Swargate, Pune",2403
TXN01525,2024-04-20,02:53 AM,"Swargate, Pune",1191
TXN01526,2024-04-20,06:54 PM,"Swargate, Pune",1117
TXN01527,2024-04-20,04:01 PM,"Swargate, Pune",4505
TXN01528,2024-04-20,10:26 AM,"Swargate, Pune",4827
TXN01529,2024-04-20,04:37 AM,"Swargate, Pune",1703
TXN01530,2024-04-20,09:46 PM,"Swargate, Pune",2094
TXN01531,2024-04-21,06:10 AM,"Baner, Pune",4370
TXN01532,2024-04-21,04:33 AM,"Baner, Pune",1586
TXN01533,2024-04-21,03:17 AM,"Baner, Pune",3470
TXN01534,2024-04-21,05:28 PM,"Baner, Pune",2222
TXN01535,2024-04-21,07:53 PM,"Baner, Pune",2732
TXN01536,2024-04-21,01:45 PM,"Baner, Pune",2594
TXN01537,2024-04-21,04:04 PM,"Baner, Pune",5298
TXN01538,2024-04-21,07:42 PM,"Baner, Pune",3904
TXN01539,2024-04-21,02:37 PM,"Baner, Pune",3609
TXN01540,2024-04-21,09:17 AM,"Baner, Pune",2313
TXN01541,2024-04-21,12:25 PM,"Baner, Pune",1717
TXN01542,2024-04-21,08:03 AM,"Baner, Pune",808
TXN01543,2024-04-21,03:26 AM,"Baner, Pune",2061
TXN01544,2024-04-21,08:12 AM,"Baner, Pune",2637
TXN01545,2024-04-21,05:38 PM,"Baner, Pune",2179
TXN01546,2024-04-21,01:09 AM,"Baner, Pune",4565
TXN01547,2024-04-21,09:10 PM,"Baner, Pune",1208
TXN01548,2024-04-21,06:05 AM,"Baner, Pune",1676
TXN01549,2024-04-21,11:38 PM,"Baner, Pune",3608
TXN01550,2024-04-21,04:20 PM,"Baner, Pune",2482
TXN01551,2024-04-21,11:02 AM,"Baner, Pune",4723
TXN01552,2024-04-21,01:20 AM,"Baner, Pune",1341
TXN01553,2024-04-21,03:09 AM,"Baner, Pune",2561
TXN01554,2024-04-21,08:53 PM,"Baner, Pune",3360
TXN01555,2024-04-21,06:15 PM,"Baner, Pune",1257
TXN01556,2024-04-21,02:10 AM,"Baner, Pune",1072
TXN01557,2024-04-21,02:41 AM,"Baner, Pune",4104
TXN01558,2024-04-21,07:36 PM,"Baner, Pune",4651
TXN01559,2024-04-21,03:25 AM,"Baner, Pune",872
TXN01560,2024-04-21,02:06 AM,"Baner, Pune",1766
TXN01561,2024-04-22,06:06 PM,"Chinchwad, Pune",3629
TXN01562,2024-04-22,05:48 AM,"Chinchwad, Pune",4762
TXN01563,2024-04-22,05:50 PM,"Chinchwad, Pune",1577
TXN01564,2024-04-22,01:00 AM,"Chinchwad, Pune",2298
TXN01565,2024-04-22,01:21 AM,"Chinchwad, Pune",3944
TXN01566,2024-04-22,04:47 PM,"Chinchwad, Pune",4358
TXN01567,2024-04-22,01:30 AM,"Chinchwad, Pune",4182
TXN01568,2024-04-22,04:30 PM,"Chinchwad, Pune",1204
TXN01569,2024-04-22,02:32 AM,"Chinchwad, Pune",2934
TXN01570,2024-04-22,09:14 PM,"Chinchwad, Pune",3526
TXN01571,2024-04-22,08:00 AM,"Chinchwad, Pune",884
TXN01572,2024-04-22,09:21 AM,"Chinchwad, Pune",3487
TXN01573,2024-04-22,01:04 PM,"Chinchwad, Pune",1223
TXN01574,2024-04-22,09:44 AM,"Chinchwad, Pune",3763
TXN01575,2024-04-22,05:34 PM,"Chinchwad, Pune",4653
TXN01576,2024-04-22,04:02 PM,"Chinchwad, Pune",5466
TXN01577,2024-04-22,04:40 AM,"Chinchwad, Pune",4551
TXN01578,2024-04-22,08:53 AM,"Chinchwad, Pune",4923
TXN01579,2024-04-22,03:27 AM,"Chinchwad, Pune",2823
TXN01580,2024-04-22,11:42 PM,"Chinchwad, Pune",2776
TXN01581,2024-04-22,11:47 PM,"Chinchwad, Pune",4348
TXN01582,2024-04-22,12:56 PM,"Chinchwad, Pune",3147
TXN01583,2024-04-22,09:55 AM,"Chinchwad, Pune",5181
TXN01584,2024-04-22,02:00 AM,"Chinchwad, Pune",2437
TXN01585,2024-04-22,12:00 AM,"Chinchwad, Pune",4330
TXN01586,2024-04-22,07:33 AM,"Chinchwad, Pune",2352
TXN01587,2024-04-22,08:34 AM,"Chinchwad, Pune",1405
TXN01588,2024-04-22,12:38 PM,"Chinchwad, Pune",5255
TXN01589,2024-04-22,05:27 PM,"Chinchwad, Pune",1752
TXN01590,2024-04-22,02:58 PM,"Chinchwad, Pune",3553
TXN01591,2024-04-23,11:04 PM,"Viman Nagar, Pune",5048
TXN01592,2024-04-23,05:41 AM,"Viman Nagar, Pune",3759
TXN01593,2024-04-23,08:16 PM,"Viman Nagar, Pune",914
TXN01594,2024-04-23,02:26 AM,"Viman Nagar, Pune",2774
TXN01595,2024-04-23,04:26 PM,"Viman Nagar, Pune",3604
TXN01596,2024-04-23,08:29 PM,"Viman Nagar, Pune",4577
TXN01597,2024-04-23,07:59 PM,"Viman Nagar, Pune",2116
TXN01598,2024-04-23,03:41 AM,"Viman Nagar, Pune",1713
TXN01599,2024-04-23,08:10 PM,"Viman Nagar, Pune",4734
TXN01600,2024-04-23,01:31 PM,"Viman Nagar, Pune",2960
TXN01601,2024-04-23,09:44 PM,"Viman Nagar, Pune",2772
TXN01602,2024-04-23,11:10 AM,"Viman Nagar, Pune",4285
TXN01603,2024-04-23,02:32 PM,"Viman Nagar, Pune",860
TXN01604,2024-04-23,10:55 PM,"Viman Nagar, Pune",5299
TXN01605,2024-04-23,01:52 AM,"Viman Nagar, Pune",1184
TXN01606,2024-04-23,07:09 PM,"Viman Nagar, Pune",3373
TXN01607,2024-04-23,07:36 PM,"Viman Nagar, Pune",1823
TXN01608,2024-04-23,12:53 PM,"Viman Nagar, Pune",4706
TXN01609,2024-04-23,04:46 PM,"Viman Nagar, Pune",3378
TXN01610,2024-04-23,01:41 AM,"Viman Nagar, Pune",5230
TXN01611,2024-04-23,03:00 AM,"Viman Nagar, Pune",3591
TXN01612,2024-04-23,03:44 AM,"Viman Nagar, Pune",804
TXN01613,2024-04-23,09:53 AM,"Viman Nagar, Pune",1333
TXN01614,2024-04-23,08:07 AM,"Viman Nagar, Pune",2142
TXN01615,2024-04-23,08:55 PM,"Viman Nagar, Pune",5395
TXN01616,2024-04-23,11:15 PM,"Viman Nagar, Pune",1531
TXN01617,2024-04-23,02:35 PM,"Viman Nagar, Pune",2385
TXN01618,2024-04-23,02:05 PM,"Viman Nagar, Pune",3014
TXN01619,2024-04-23,07:50 AM,"Viman Nagar, Pune",2095
TXN01620,2024-04-23,04:56 PM,"Viman Nagar, Pune",4234
TXN01621,2024-04-24,08:06 AM,"Aundh, Pune",3540
TXN01622,2024-04-24,11:20 AM,"Aundh, Pune",1597
TXN01623,2024-04-24,03:07 PM,"Aundh, Pune",4921
TXN01624,2024-04-24,09:56 AM,"Aundh, Pune",3584
TXN01625,2024-04-24,04:57 PM,"Aundh, Pune",2788
TXN01626,2024-04-24,06:07 PM,"Aundh, Pune",899
TXN01627,2024-04-24,06:24 AM,"Aundh, Pune",1451
TXN01628,2024-04-24,06:25 AM,"Aundh, Pune",4027
TXN01629,2024-04-24,03:45 PM,"Aundh, Pune",1211
TXN01630,2024-04-24,07:59 AM,"Aundh, Pune",3757
TXN01631,2024-04-24,08:43 AM,"Aundh, Pune",1930
TXN01632,2024-04-24,10:59 AM,"Aundh, Pune",5013
TXN01633,2024-04-24,09:11 PM,"Aundh, Pune",3666
TXN01634,2024-04-24,01:30 PM,"Aundh, Pune",2607
TXN01635,2024-04-24,03:38 AM,"Aundh, Pune",3627
TXN01636,2024-04-24,05:46 AM,"Aundh, Pune",5409
TXN01637,2024-04-24,10:35 PM,"Aundh, Pune",3055
TXN01638,2024-04-24,06:16 PM,"Aundh, Pune",3899
TXN01639,2024-04-24,06:36 AM,"Aundh, Pune",1322
TXN01640,2024-04-24,12:38 AM,"Aundh, Pune",2744
TXN01641,2024-04-24,10:53 AM,"Aundh, Pune",3351
TXN01642,2024-04-24,01:29 PM,"Aundh, Pune",3024
TXN01643,2024-04-24,01:55 PM,"Aundh, Pune",4981
TXN01644,2024-04-24,09:32 AM,"Aundh, Pune",2564
TXN01645,2024-04-24,01:29 AM,"Aundh, Pune",2445
TXN01646,2024-04-24,09:26 AM,"Aundh, Pune",4395
TXN01647,2024-04-24,07:14 AM,"Aundh, Pune",2754
TXN01648,2024-04-24,02:50 AM,"Aundh, Pune",4735
TXN01649,2024-04-24,10:02 PM,"Aundh, Pune",5411
TXN01650,2024-04-24,04:34 PM,"Aundh, Pune",2183
TXN01651,2024-04-25,04:00 AM,"Kharadi, Pune",1343
TXN01652,2024-04-25,05:16 PM,"Kharadi, Pune",3227
TXN01653,2024-04-25,11:37 AM,"Kharadi, Pune",2952
TXN01654,2024-04-25,02:26 AM,"Kharadi, Pune",2499
TXN01655,2024-04-25,08:00 AM,"Kharadi, Pune",1890
TXN01656,2024-04-25,08:49 PM,"Kharadi, Pune",4843
TXN01657,2024-04-25,05:44 AM,"Kharadi, Pune",1118
TXN01658,2024-04-25,03:05 PM,"Kharadi, Pune",4400
TXN01659,2024-04-25,01:39 AM,"Kharadi, Pune",4743
TXN01660,2024-04-25,11:54 AM,"Kharadi, Pune",2534
TXN01661,2024-04-25,05:19 PM,"Kharadi, Pune",5247
TXN01662,2024-04-25,12:35 PM,"Kharadi, Pune",3216
TXN01663,2024-04-25,09:58 PM,"Kharadi, Pune",1076
TXN01664,2024-04-25,08:10 AM,"Kharadi, Pune",4950
TXN01665,2024-04-25,01:35 AM,"Kharadi, Pune",5416
TXN01666,2024-04-25,12:35 PM,"Kharadi, Pune",4432
TXN01667,2024-04-25,02:10 PM,"Kharadi, Pune",2538
TXN01668,2024-04-25,02:13 AM,"Kharadi, Pune",3510
TXN01669,2024-04-25,04:31 AM,"Kharadi, Pune",4568
TXN01670,2024-04-25,10:21 PM,"Kharadi, Pune",4776
TXN01671,2024-04-25,09:00 PM,"Kharadi, Pune",1996
TXN01672,2024-04-25,04:46 PM,"Kharadi, Pune",1196
TXN01673,2024-04-25,06:05 AM,"Kharadi, Pune",3628
TXN01674,2024-04-25,12:57 AM,"Kharadi, Pune",4694
TXN01675,2024-04-25,07:27 AM,"Kharadi, Pune",3729
TXN01676,2024-04-25,01:30 AM,"Kharadi, Pune",3951
TXN01677,2024-04-25,01:01 PM,"Kharadi, Pune",3908
TXN01678,2024-04-25,03:16 PM,"Kharadi, Pune",5053
TXN01679,2024-04-25,12:48 PM,"Kharadi, Pune",5217
TXN01680,2024-04-25,04:09 AM,"Kharadi, Pune",1024
TXN01681,2024-04-26,11:41 PM,"Kharadi, Pune",2239
TXN01682,2024-04-26,07:02 PM,"Kharadi, Pune",856
TXN01683,2024-04-26,03:29 PM,"Kharadi, Pune",1625
TXN01684,2024-04-26,04:23 AM,"Kharadi, Pune",2418
TXN01685,2024-04-26,06:54 AM,"Kharadi, Pune",4583
TXN01686,2024-04-26,05:12 PM,"Kharadi, Pune",3185
TXN01687,2024-04-26,04:05 AM,"Kharadi, Pune",3520
TXN01688,2024-04-26,06:41 PM,"Kharadi, Pune",4922
TXN01689,2024-04-26,09:56 PM,"Kharadi, Pune",4444
TXN01690,2024-04-26,09:45 AM,"Kharadi, Pune",1153
TXN01691,2024-04-26,04:58 PM,"Kharadi, Pune",2227
TXN01692,2024-04-26,05:37 AM,"Kharadi, Pune",4198
TXN01693,2024-04-26,02:28 PM,"Kharadi, Pune",4469
TXN01694,2024-04-26,01:01 PM,"Kharadi, Pune",3064
TXN01695,2024-04-26,05:49 PM,"Kharadi, Pune",2439
TXN01696,2024-04-26,09:54 PM,"Kharadi, Pune",4800
TXN01697,2024-04-26,06:40 PM,"Kharadi, Pune",4619
TXN01698,2024-04-26,12:17 PM,"Kharadi, Pune",961
TXN01699,2024-04-26,03:22 AM,"Kharadi, Pune",5273
TXN01700,2024-04-26,11:27 AM,"Kharadi, Pune",3036
TXN01701,2024-04-26,11:18 PM,"Kharadi, Pune",5191
TXN01702,2024-04-26,06:10 AM,"Kharadi, Pune",1888
TXN01703,2024-04-26,11:04 PM,"Kharadi, Pune",1080
TXN01704,2024-04-26,12:37 AM,"Kharadi, Pune",3921
TXN01705,2024-04-26,08:31 PM,"Kharadi, Pune",3943
TXN01706,2024-04-26,01:24 PM,"Kharadi, Pune",3236
TXN01707,2024-04-26,02:56 PM,"Kharadi, Pune",2203
TXN01708,2024-04-26,10:01 PM,"Kharadi, Pune",3838
TXN01709,2024-04-26,08:11 PM,"Kharadi, Pune",1570
TXN01710,2024-04-26,05:42 PM,"Kharadi, Pune",2975
TXN01711,2024-04-27,09:18 AM,"Chinchwad, Pune",4140
TXN01712,2024-04-27,05:54 AM,"Chinchwad, Pune",3737
TXN01713,2024-04-27,12:51 PM,"Chinchwad, Pune",3973
TXN01714,2024-04-27,02:16 PM,"Chinchwad, Pune",3045
TXN01715,2024-04-27,03:39 PM,"Chinchwad, Pune",2269
TXN01716,2024-04-27,11:48 AM,"Chinchwad, Pune",2649
TXN01717,2024-04-27,02:49 PM,"Chinchwad, Pune",805
TXN01718,2024-04-27,07:29 AM,"Chinchwad, Pune",1285
TXN01719,2024-04-27,08:34 AM,"Chinchwad, Pune",2498
TXN01720,2024-04-27,11:11 AM,"Chinchwad, Pune",1825
TXN01721,2024-04-27,07:14 AM,"Chinchwad, Pune",932
TXN01722,2024-04-27,04:48 PM,"Chinchwad, Pune",3734
TXN01723,2024-04-27,12:05 PM,"Chinchwad, Pune",985
TXN01724,2024-04-27,12:53 PM,"Chinchwad, Pune",4064
TXN01725,2024-04-27,11:52 PM,"Chinchwad, Pune",4699
TXN01726,2024-04-27,01:08 AM,"Chinchwad, Pune",2808
TXN01727,2024-04-27,06:13 PM,"Chinchwad, Pune",4127
TXN01728,2024-04-27,08:42 AM,"Chinchwad, Pune",1188
TXN01729,2024-04-27,12:27 AM,"Chinchwad, Pune",4235
TXN01730,2024-04-27,08:47 PM,"Chinchwad, Pune",1410
TXN01731,2024-04-27,05:27 AM,"Chinchwad, Pune",2493
TXN01732,2024-04-27,09:28 AM,"Chinchwad, Pune",2678
TXN01733,2024-04-27,04:17 PM,"Chinchwad, Pune",2835
TXN01734,2024-04-27,05:53 AM,"Chinchwad, Pune",3232
TXN01735,2024-04-27,03:17 AM,"Chinchwad, Pune",2712
TXN01736,2024-04-27,03:58 AM,"Chinchwad, Pune",1030
TXN01737,2024-04-27,04:04 PM,"Chinchwad, Pune",4590
TXN01738,2024-04-27,02:59 AM,"Chinchwad, Pune",3859
TXN01739,2024-04-27,10:28 AM,"Chinchwad, Pune",5364
TXN01740,2024-04-27,09:04 AM,"Chinchwad, Pune",2732
TXN01741,2024-04-28,10:19 PM,"Viman Nagar, Pune",4087
TXN01742,2024-04-28,03:02 AM,"Viman Nagar, Pune",1970
TXN01743,2024-04-28,11:15 AM,"Viman Nagar, Pune",1029
TXN01744,2024-04-28,12:39 AM,"Viman Nagar, Pune",2963
TXN01745,2024-04-28,01:06 PM,"Viman Nagar, Pune",3308
TXN01746,2024-04-28,04:39 AM,"Viman Nagar, Pune",4489
TXN01747,2024-04-28,10:40 AM,"Viman Nagar, Pune",5284
TXN01748,2024-04-28,03:26 PM,"Viman Nagar, Pune",4441
TXN01749,2024-04-28,08:47 AM,"Viman Nagar, Pune",3866
TXN01750,2024-04-28,05:18 PM,"Viman Nagar, Pune",2035
TXN01751,2024-04-28,05:48 AM,"Viman Nagar, Pune",2772
TXN01752,2024-04-28,02:33 AM,"Viman Nagar, Pune",1647
TXN01753,2024-04-28,09:14 PM,"Viman Nagar, Pune",4460
TXN01754,2024-04-28,09:27 PM,"Viman Nagar, Pune",1420
TXN01755,2024-04-28,04:49 PM,"Viman Nagar, Pune",2009
TXN01756,2024-04-28,07:34 AM,"Viman Nagar, Pune",3057
TXN01757,2024-04-28,09:51 AM,"Viman Nagar, Pune",4629
TXN01758,2024-04-28,02:27 PM,"Viman Nagar, Pune",2791
TXN01759,2024-04-28,09:45 AM,"Viman Nagar, Pune",3242
TXN01760,2024-04-28,06:22 AM,"Viman Nagar, Pune",2732
TXN01761,2024-04-28,06:57 AM,"Viman Nagar, Pune",1348
TXN01762,2024-04-28,06:32 AM,"Viman Nagar, Pune",1630
TXN01763,2024-04-28,03:30 AM,"Viman Nagar, Pune",948
TXN01764,2024-04-28,05:34 AM,"Viman Nagar, Pune",1448
TXN01765,2024-04-28,09:50 AM,"Viman Nagar, Pune",812
TXN01766,2024-04-28,04:50 PM,"Viman Nagar, Pune",2602
TXN01767,2024-04-28,01:32 PM,"Viman Nagar, Pune",2334
TXN01768,2024-04-28,05:45 PM,"Viman Nagar, Pune",1892
TXN01769,2024-04-28,03:03 AM,"Viman Nagar, Pune",5182
TXN01770,2024-04-28,09:57 AM,"Viman Nagar, Pune",1184
TXN01771,2024-04-29,04:43 PM,"Aundh, Pune",4621
TXN01772,2024-04-29,02:03 AM,"Aundh, Pune",1764
TXN01773,2024-04-29,03:30 PM,"Aundh, Pune",3272
TXN01774,2024-04-29,03:57 AM,"Aundh, Pune",4776
TXN01775,2024-04-29,09:04 AM,"Aundh, Pune",2128
TXN01776,2024-04-29,05:13 AM,"Aundh, Pune",4996
TXN01777,2024-04-29,11:03 AM,"Aundh, Pune",3767
TXN01778,2024-04-29,03:38 AM,"Aundh, Pune",1705
TXN01779,2024-04-29,10:34 PM,"Aundh, Pune",2621
TXN01780,2024-04-29,02:33 PM,"Aundh, Pune",2557
TXN01781,2024-04-29,08:24 PM,"Aundh, Pune",3324
TXN01782,2024-04-29,06:28 PM,"Aundh, Pune",4042
TXN01783,2024-04-29,10:09 AM,"Aundh, Pune",3822
TXN01784,2024-04-29,07:56 PM,"Aundh, Pune",1820
TXN01785,2024-04-29,11:59 PM,"Aundh, Pune",1724
TXN01786,2024-04-29,10:47 PM,"Aundh, Pune",4264
TXN01787,2024-04-29,09:00 PM,"Aundh, Pune",2418
TXN01788,2024-04-29,10:09 AM,"Aundh, Pune",1689
TXN01789,2024-04-29,01:47 PM,"Aundh, Pune",2431
TXN01790,2024-04-29,06:25 AM,"Aundh, Pune",3335
TXN01791,2024-04-29,02:19 PM,"Aundh, Pune",5352
TXN01792,2024-04-29,02:22 AM,"Aundh, Pune",4302
TXN01793,2024-04-29,07:27 AM,"Aundh, Pune",4873
TXN01794,2024-04-29,10:20 PM,"Aundh, Pune",4435
TXN01795,2024-04-29,11:16 PM,"Aundh, Pune",3936
TXN01796,2024-04-29,03:37 PM,"Aundh, Pune",2636
TXN01797,2024-04-29,08:07 PM,"Aundh, Pune",4929
TXN01798,2024-04-29,06:57 PM,"Aundh, Pune",3865
TXN01799,2024-04-29,10:50 PM,"Aundh, Pune",2367
TXN01800,2024-04-29,03:37 PM,"Aundh, Pune",3268
